idx,cos_mean,cos_max,wmd_mean,wmd_min
10,0.7988673439797234,0.8638045191764832,2.349517867698369,0.8276899079586318
12,0.39757455587387086,0.5787108540534973,3.7289796158912822,3.3505774016321634
16,0.5761096358299256,0.7925759553909302,1.5843559901866082,1.1894544990494424
18,0.6847866200933269,0.7284194827079773,1.537402770422488,0.9147576917252358
23,0.8621575848923789,1.0,1.1244435229277174,0.0
47,0.20533346364067662,0.24087005853652954,3.024952692258074,1.9246827087784948
50,0.8055405931340324,0.8611623048782349,3.1338618686825805,2.5006474834105186
57,0.8460639317830404,0.9642897248268127,1.2563825759942084,0.850725448430934
65,0.6410266567881291,0.6873038411140442,2.8342549041071528,1.8550201054338216
66,0.8452036397202927,0.9132740497589111,1.41645072223811,0.6840487227361066
75,0.8734624022335717,0.9799785614013672,1.7831209480947845,0.38593185843279454
87,0.9094439195959192,1.0,1.614507549563193,0.0
116,0.7322199702262878,0.9166611433029175,1.5807369917416816,1.0065111979250672
127,0.8178003033002218,1.0,1.3409086454300765,0.6042242221133195
140,0.7336772630612055,0.8041009306907654,2.2379342823351056,1.7416482881224435
141,0.7806791315476099,0.8501679301261902,1.755749530109829,1.255328362050852
142,0.8411960893255823,0.9356502294540405,2.0963224068347586,1.2872130556938999
165,0.8928771328692343,0.9733132719993591,1.2434066785930982,0.34056182348538455
169,0.9695311784744263,0.9927326440811157,0.9195677465258006,0.33619700925778867
170,0.980428417523702,1.0,0.6085054562247905,0.0
183,0.9075054254448205,1.0,1.9524963212018274,0.0
187,0.8621575848923789,1.0,1.1244435229277174,0.0
220,0.8828599186320054,0.988074779510498,1.4289255866820454,0.3804601550294572
227,0.7736008524894714,1.0,1.2886065128069917,0.0
246,0.7537570118904113,0.9484536051750183,1.438798210015425,0.6755391460921024
248,0.7537570118904113,0.9484536051750183,1.438798210015425,0.6755391460921024
257,0.9429378728656208,1.0,0.792292389050473,0.0
258,0.8820011720937841,1.0,0.9117501854915965,0.0
264,0.7741103556120035,0.8997139930725098,2.2377130856235454,0.8764305142873421
266,0.8617304657768999,0.9318267703056335,1.6422319325604484,0.8559618062055628
267,0.8716304662645372,0.9437850117683411,1.670904352523471,0.9667566214791823
271,0.7025311894360042,0.7629024386405945,2.3296045713651394,1.45689349217193
304,0.8684521880414751,0.9446734189987183,1.3978898087659308,0.7556380058358718
308,0.4542862495924408,0.5563092231750488,3.2587414556765313,1.9514413019657153
316,0.9258674422607702,1.0,1.4623975144567563,0.0
339,0.665246456861496,0.7909682393074036,2.8505958224039922,1.7865026000814992
340,0.8802963727050357,1.0,1.0479374439170521,0.0
374,0.8966318998071883,0.9874378442764282,1.1913940756043488,0.3674172026768969
388,0.9094439195959192,1.0,1.614507549563193,0.0
395,nan,nan,1.5211590244692912,0.0
402,0.3621205056685183,0.4179283082485199,3.3321541881838184,2.5751776700796025
407,0.6825274396687746,0.8403339385986328,2.016754607167095,0.9478707345759487
414,0.7705709089835485,1.0,1.7060439905953846,0.0
424,0.9874018579721451,1.0,0.5119168494986661,0.0
425,0.8666875856545042,1.0,1.3173420456809017,0.0
437,0.8555566226070673,0.9837325215339661,2.02958875431145,0.6376904740670059
457,0.7103179441048548,0.7385091185569763,2.5727546817915345,1.4856307058847085
458,0.7415204827602093,0.8139262199401855,1.77566277452573,1.095885883559451
459,0.6414492714863557,0.6996715664863586,2.4697835072417766,1.6433362058847685
463,0.7241945650740342,0.8239884376525879,2.1027654022264826,1.1105954449404927
466,0.9322047852552854,1.0,1.3529314393322047,0.0
469,0.8754773706782097,1.0,1.1657208355348325,0.0
473,0.9083273972456272,1.0,1.3964686278928555,0.0
477,0.8491997317625926,0.8865821957588196,1.8419116140254868,1.2066943142488185
481,0.9037699206517293,1.0,1.516296174430776,0.0
482,0.9854892790317535,1.0,0.2180929193048414,0.0
488,0.6414492714863557,0.6996715664863586,2.4697835072417766,1.6433362058847685
497,0.6795529425144196,0.6856622695922852,2.5701634656220715,2.480929705805417
499,0.8073276389728893,0.8608971834182739,2.691522002911915,2.4659689258959885
520,0.9380811601877213,1.0,0.5184361997025884,0.0
522,0.8859383851289749,0.9488194584846497,1.3180623066744204,0.7255783682755061
526,0.8034503807624181,0.8909551501274109,1.5173362022379604,1.0491347245322427
533,0.5879437297582626,0.8523396253585815,2.479755388147821,1.5936575564483861
549,0.5075530052185059,0.7832954525947571,2.888083122990552,2.523048484075069
559,0.6958215823944878,0.7977312803268433,2.133766350037588,1.178053737772762
602,0.8660406996354912,1.0,1.5039041867348253,0.0
609,0.8393355005166747,0.9814452528953552,1.563658987245911,0.22682177290371094
615,0.7870492306020525,0.8519165515899658,2.399630382567176,2.0585572419457305
622,0.9129183509133079,1.0,1.4149516957493646,0.0
641,0.6223559429248174,0.7314068078994751,2.1406884535491186,1.635888395797875
665,0.723285774160333,0.9352298378944397,2.5692889923051805,1.088496587187703
667,0.5732403445769759,0.6853970885276794,2.695826521612413,1.2062959534249256
674,0.5732403445769759,0.6853970885276794,2.695826521612413,1.2062959534249256
675,0.47088562872479944,0.5370827317237854,3.0872759316619,2.4784961982629308
685,0.5373582924489214,0.6290703415870667,2.9190572184409644,1.7241312844670578
698,0.9305713593959808,0.9810498356819153,1.2190263409000217,0.652994561238904
736,0.9436480038695865,1.0,0.8206531912413922,0.0
748,0.8655008638375684,0.9361706972122192,1.8311894308182664,0.8135000026497561
753,0.7537985398913875,0.9147387742996216,2.2103849051090867,0.7619924340478639
787,0.8711020623644193,1.0,1.1263064659727922,0.0
790,0.9170699715614319,0.9320455193519592,0.8632490841018718,0.8343415359191516
799,0.9881922602653503,1.0,0.48524719328645904,0.0
815,0.7524581918349633,0.8462331891059875,1.990712020974747,1.247334248573502
888,0.6848274359260412,0.7582530379295349,2.2472768698556673,1.3011234519298551
889,0.7233114566325265,0.8119860887527466,2.285044974468181,1.2844795766078263
890,0.7049397744295252,0.877251923084259,3.6786823249172813,1.0205702851032734
914,0.912125886632846,0.9806691408157349,1.6567311234213575,0.19706148871432513
933,0.5138296317873579,0.5408355593681335,2.573571848513531,2.1699782916849872
994,0.7380566954612732,1.0,1.1745487955485028,0.0
1012,0.8807552571480091,1.0,1.410297148224224,0.0
1013,0.8547137287946848,0.9354886412620544,1.7280388037183092,0.2878933219559716
1019,0.8479083776473999,0.8947314023971558,1.3240573693085202,0.6561619642610845
1021,0.8911331295967102,0.9187832474708557,1.5655971928062271,1.1789538422379768
1029,0.7962097858681398,0.844087541103363,1.291691861064353,0.9379480325401093
1034,0.7912988506403624,0.9509048461914062,1.2529997365257877,0.5530990176534963
1035,0.9158198637705223,1.0,1.1335814981036858,0.0
1038,0.9703350067138672,1.0,0.5791333023114708,0.0
1040,0.8904120361103731,1.0,1.6034444869594042,0.0
1049,0.9456828026210561,1.0,0.8531758565256276,0.0
1050,0.8675469225820374,0.9367445111274719,0.9068610438761481,0.3865063909880078
1051,0.8876810227246845,1.0,0.8123931187778116,0.0
1059,0.9142301455140114,0.9938668608665466,0.9526190535940485,0.3865911866212237
1073,0.6971157434763331,0.8026866316795349,3.6368609435042414,2.3787462435892985
1109,0.773388626674811,0.916620671749115,0.9856398143308298,0.5177785710111648
1110,0.8318859313925108,1.0,1.0232321513747786,0.0
1114,0.9288174510002136,0.9497503638267517,2.5022831599070305,2.2132565480405226
1119,0.8325096070766449,0.8788830041885376,2.4618746261263693,1.8664729963574087
1120,0.9288174510002136,0.9497503638267517,2.5022831599070305,2.2132565480405226
1125,0.564792275428772,0.5798603892326355,2.500812593650594,2.170075882359917
1131,0.9162954688072205,0.9312116503715515,0.5986344616826702,0.45590884964302203
1152,0.6560850888490677,0.665847897529602,2.310923366375766,1.6788177323989386
1153,0.6560850888490677,0.665847897529602,2.310923366375766,1.6788177323989386
1167,0.8672828629612923,0.9427723288536072,1.2056928954106467,0.48380079083066246
1168,0.8419616315513849,0.972897469997406,1.5428430755102849,0.47321921483182655
1177,0.745740216006251,0.7856941223144531,1.8112400461171902,1.1863785959487134
1178,0.7577666684108622,0.8243603110313416,1.9728562152240954,1.072905502961607
1182,0.829464327957895,0.9693658947944641,1.2525223354849766,0.7567279906235969
1186,0.8272019848227501,0.9270665049552917,1.5092248272506774,0.9224478933008655
1188,0.559184455871582,0.8348487615585327,2.703696403293373,1.5430700832426023
1199,0.8908056616783142,0.8951410055160522,1.0161900983628263,0.8221442569145233
1211,0.889262929558754,0.8943549394607544,0.9100759452452549,0.7996510538941232
1213,0.8949957638978958,0.8998176455497742,1.056675675722354,0.9497602636176935
1247,0.7847137928009034,1.0,1.3149224119976624,0.0
1248,0.800926125049591,1.0,0.9774939892779513,0.0
1249,0.9904186725616455,1.0,0.254785215100379,0.0
1261,0.9094439195959192,1.0,1.614507549563193,0.0
1264,0.8621575848923789,1.0,1.1244435229277174,0.0
1270,0.6785222180187702,0.8143743276596069,2.3766689870989546,1.5616760469400317
1286,0.8746482829252878,1.0,1.0226117866157804,0.0
1294,0.8947783410549164,0.9858300089836121,1.2874655967569413,0.3314197752323876
1313,0.8198648157872652,0.943730890750885,1.9871173382027962,0.9175461507047177
1351,0.7260814160108566,0.855112612247467,2.3132843836865593,1.4504772949373113
1354,0.9888051748275757,1.0,0.23877401732449555,0.0
1355,0.9603254596392313,0.9744189977645874,1.0628997899446262,0.8850125179579679
1364,0.9278779132839512,1.0,1.3314974591726447,0.0
1371,0.8076924945299442,1.0,1.1739059937273206,0.0
1372,0.8076924945299442,1.0,1.1739059937273206,0.0
1404,0.8972565333048502,0.9441603422164917,0.5935896652688301,0.4453259722531852
1423,0.9911037981510162,1.0,0.2570055747149842,0.0
1424,0.9135030210018158,0.9601726531982422,0.8010790709716283,0.5897958372583683
1425,0.9135030210018158,0.9601726531982422,0.8010790709716283,0.5897958372583683
1426,0.9135030210018158,0.9601726531982422,0.8010790709716283,0.5897958372583683
1431,0.45297226309776306,0.5392729640007019,3.0297406645692795,2.898796072919749
1455,0.9241094451908972,1.0,1.455789285087941,0.0
1464,0.9318405658591027,1.0,1.2060753830099935,0.0
1476,0.8059726679588065,0.8697183728218079,2.239231104142679,1.47180636817486
1477,0.8462117897237048,0.9219677448272705,2.162312997068204,1.1717261023915617
1478,0.8441251485663301,0.9387809038162231,2.7120552830527545,1.4150226151631964
1486,0.9059338114763561,1.0,1.8446723064758341,0.0
1494,0.9059338114763561,1.0,1.8446723064758341,0.0
1510,0.8277495075997553,0.906548023223877,1.5360297203233164,0.5052818804035349
1519,0.5436022162437439,0.6993788480758667,1.3113053482821917,0.978067824111503
1532,nan,nan,1.5194660545357137,0.1957586194238843
1553,0.7860525697469711,0.9860512018203735,1.4579274325704217,0.46124743052565065
1564,0.5159503604872111,0.590241551399231,2.9588453498255873,2.0078374706700224
1583,0.7951381653547287,0.8703941106796265,1.5796015464583664,1.0530009086807717
1590,0.850573244778549,0.9728068709373474,1.2820131060452435,0.5350177185251997
1615,0.34902145787504796,0.49460017681121826,4.331035000654101,3.620615715117773
1624,0.7998123123095586,0.8905556797981262,1.8705536549886423,0.6809414842069259
1630,0.9059338114763561,1.0,1.8446723064758341,0.0
1642,0.7922743381645185,1.0,1.6447209406041872,0.0
1645,0.6619073301553726,0.7630090117454529,1.837987162548084,1.0187891108897955
1662,0.8675998730913681,0.9292551875114441,1.4507244026300312,0.5709383673816282
1678,0.9280426607777675,0.9774631261825562,0.9938247837289796,0.3179412803456582
1693,0.9904193878173828,1.0,0.24213679119179762,0.0
1698,0.5617137014865875,0.8509095907211304,2.192704746023064,1.2294233672455814
1699,0.454755038022995,0.5798142552375793,1.122405994721094,0.5330393556480604
1702,0.4598259776830673,0.8045427203178406,3.558947117344902,2.2841290118452404
1716,0.9448512643575668,0.9456416368484497,0.9286288352763812,0.8615228070314764
1731,0.9037699206517293,1.0,1.516296174430776,0.0
1732,0.9165289334076292,1.0,1.2599462186314958,0.0
1734,0.8434138017542222,0.8949184417724609,1.295244624549472,0.9419803219172016
1737,0.9468465263352674,1.0,0.7676335577005299,0.0
1770,0.9033731509718979,0.9916219115257263,1.6813732104635672,0.4830201174204446
1792,0.30792136911217494,0.35413628816604614,3.8584381197661894,2.949254947847904
1795,0.6056118845939636,0.6648205518722534,1.9433595035611169,1.5946084857371416
1815,0.7221638560295105,0.8696168065071106,0.9557473816878297,0.47585274826066387
1822,0.6327106496867012,1.0,2.908955311762412,1.39748473048941
1826,0.9802950173616409,1.0,0.2850976897330357,0.0
1828,0.7767181470990181,1.0,1.4428988357182886,0.0
1830,0.9802950173616409,1.0,0.2850976897330357,0.0
1831,0.8318859313925108,1.0,1.0232321513747786,0.0
1832,0.7767181470990181,1.0,1.4428988357182886,0.0
1836,0.7850405077139536,0.7910533547401428,2.62807561790275,2.3737835797872915
1839,0.7767181470990181,1.0,1.4428988357182886,0.0
1842,0.9130615393320719,0.9348329305648804,2.415408003806026,2.023150933181829
1846,0.7767181470990181,1.0,1.4428988357182886,0.0
1848,0.9802950173616409,1.0,0.2850976897330357,0.0
1849,0.7880826766292254,1.0,1.4742629124288091,0.0
1854,0.9471305807431539,0.9694148898124695,2.2923434508561074,1.6857847479714398
1861,0.8117005228996277,0.8120946884155273,1.0720874261805449,1.0278065594925785
1863,0.7880826766292254,1.0,1.4742629124288091,0.0
1866,0.9802950173616409,1.0,0.2850976897330357,0.0
1870,0.7627619629104933,0.9365056753158569,1.595019823268973,0.6594984050430078
1876,0.7918237174550692,1.0,1.4755795194475787,0.0
1879,0.9786969870328903,1.0,0.3495753421121605,0.0
1880,0.9288174510002136,0.9497503638267517,2.5022831599070305,2.2132565480405226
1889,0.697800671841417,0.8281639814376831,2.48050977917791,1.191503985281916
1906,0.5802703555673361,0.6452229022979736,2.494421009060442,2.0265540862399734
1908,0.5267277210950851,0.6224193572998047,2.909600349450235,2.3678378485716998
1914,0.738142961805517,0.8105663061141968,2.090510670822785,1.312485500789088
1915,0.21790487838513922,0.2505807876586914,2.358846595968705,1.6991078381865443
1925,0.6850800812244415,0.8504781126976013,1.805262921043307,0.9893537236550748
1927,0.7619121869405111,1.0,1.5367907018988436,0.0
1928,0.8621575848923789,1.0,1.1244435229277174,0.0
1929,0.8746482829252878,1.0,1.0226117866157804,0.0
1931,0.7337915570462853,1.0,2.1894310346724115,0.0
1938,0.8733046903060033,0.94370436668396,1.478456889663928,0.6433625661674724
1944,0.8621575848923789,1.0,1.1244435229277174,0.0
1945,0.8746482829252878,1.0,1.0226117866157804,0.0
1964,0.7419811487197876,0.8094068765640259,2.084679808219493,1.8759788499009276
1974,0.7359798774123192,0.8282375335693359,1.8053113156559286,1.2869070184636004
1983,0.895581924601605,0.9890985488891602,1.6253491347963889,0.34849238086610596
1987,0.8981990419766482,0.9411156177520752,0.9787274707675631,0.5342381969150366
1990,0.8938198486963908,0.9194548726081848,0.9486299512522747,0.6452365452439592
2000,0.7289066384687568,0.8284473419189453,3.3023907871765976,2.3560614395148423
2007,0.8801536711684445,0.9752780199050903,2.01380708567614,0.859728709084499
2021,0.271808854837454,0.3693077564239502,3.368648934037794,1.1646476352710724
2036,0.8801536711684445,0.9752780199050903,2.01380708567614,0.859728709084499
2037,0.6771808043122292,0.7946281433105469,1.7929253644148178,1.593436262044342
2039,0.6812370891372362,0.7842831015586853,1.933419221076589,1.4085760516693067
2057,0.883115339697453,0.9833424091339111,1.61097318481847,0.5703757831567305
2072,0.6775756944911648,0.7710204720497131,2.074441763578412,1.1761418870989504
2074,0.9188756815024784,0.9836963415145874,1.461247978412569,0.5375335128215484
2079,0.895581924601605,0.9890985488891602,1.6253491347963889,0.34849238086610596
2080,0.7880826766292254,1.0,1.4742629124288091,0.0
2087,0.3825763364632924,0.3861304819583893,3.205742425834602,2.6577795733641527
2104,0.8801536711684445,0.9752780199050903,2.01380708567614,0.859728709084499
2108,0.743195449312528,0.9286823272705078,1.94669351757027,1.315505875424102
2112,0.9888051748275757,1.0,0.23877401732449555,0.0
2124,0.9217497712256861,0.9805597066879272,1.0399751382862212,0.2960284132808686
2125,0.895581924601605,0.9890985488891602,1.6253491347963889,0.34849238086610596
2135,0.7416799179080761,0.8213011622428894,2.5060965144178065,1.5570654990373651
2137,0.6988405388864604,0.8068142533302307,2.27779554445299,1.209545317841785
2151,0.7347258861158409,1.0,2.0361808281489973,0.0
2160,0.8639269731938839,1.0,0.831074032103234,0.0
2173,0.756348705291748,0.9876234531402588,1.158857078929509,0.13481260238323917
2190,0.9287449629867778,1.0,0.9490275323894544,0.0
2203,0.8907143970330557,0.9442545771598816,1.0725462768323435,0.6113162922380725
2212,0.5452243493485996,0.7857370376586914,3.7630443363164203,2.4660619981899767
2213,0.7050945012624027,0.8712196350097656,2.886001541828047,1.5772336098479067
2215,0.7898980557918549,0.8097184896469116,1.7123779296149233,1.3999867585867263
2226,0.5883892476558685,0.7084522247314453,2.3723250496703843,1.9097635290454893
2233,0.9220508150756359,0.9776756167411804,1.0258260564427009,0.32630038193386557
2238,0.5617137014865875,0.8509095907211304,2.192704746023064,1.2294233672455814
2240,0.9665160179138184,1.0,0.12506866421642304,0.0
2257,0.9341395979418474,1.0,1.2195928821366742,0.0
2261,0.8973924219608307,0.9061986207962036,1.0809853893130446,0.9300283293722407
2271,0.9468465263352674,1.0,0.7676335577005299,0.0
2277,0.9265719785904273,1.0,1.6486572987520525,0.0
2280,0.8189073286273263,0.8728435635566711,1.74602320349694,1.0504758880247833
2285,0.7860525697469711,0.9860512018203735,1.4579274325704217,0.46124743052565065
2286,0.7860525697469711,0.9860512018203735,1.4579274325704217,0.46124743052565065
2294,0.492034524315741,0.5710931420326233,2.9323494331829854,1.6512950522860042
2299,0.6877096146345139,0.8041987419128418,1.5753173617740377,1.4368252767877785
2302,0.9333559304475785,1.0,0.8062817847888357,0.0
2318,0.6106918811798095,0.8565791249275208,2.199326517974766,1.6059911544288905
2326,0.9147502270184065,0.9928826093673706,1.576444850473859,0.18716680545271877
2328,0.878888338804245,1.0,0.6999033795407842,0.0
2330,0.8911255478274589,0.9752180576324463,1.276575425843938,0.4409045870981181
2339,0.8615939456682938,0.9187019467353821,1.988774396458292,1.0966692005258556
2340,0.9111277965398935,1.0,1.6239698356777763,0.0
2342,0.8154307703177134,0.8654043674468994,1.3684809904391122,0.9028927636728902
2360,0.9445964097976685,1.0,0.48724113312511097,0.0
2363,0.8241492241621018,0.8511760830879211,1.3116448187247358,0.9869186509899839
2364,0.9410962015390396,1.0,1.3343723600097002,0.8431631870699486
2365,0.8241492241621018,0.8511760830879211,1.3116448187247358,0.9869186509899839
2371,0.9185042450061212,1.0,1.4823650178759125,0.0
2377,0.883114195532269,0.9236887693405151,1.489704157336744,1.0064932904145096
2380,0.7301541615058394,0.9414254426956177,2.10642594881364,0.7122919337131046
2388,0.9185042450061212,1.0,1.4823650178759125,0.0
2389,0.9060251896197979,1.0,1.5839611024965303,0.0
2390,0.878888338804245,1.0,0.6999033795407842,0.0
2396,0.9295965830485026,0.9549423456192017,1.0281482238949133,0.5241689637681659
2429,0.5256949886110903,0.622035026550293,4.536608539013849,3.6452604615662305
2449,0.9431567365924517,1.0,1.0431470844450823,0.0
2454,0.8911259174346924,0.8947688937187195,0.8984430655446337,0.7583553338607981
2458,0.8851693967978159,0.9431695938110352,1.1871987642915682,0.4549698873664176
2459,0.9247183687331384,1.0,1.4289387375963059,0.0
2463,0.9396484692891439,0.9616434574127197,0.8425467526891142,0.4202176385400253
2486,0.8500485167358861,0.9421190023422241,1.8426220531378823,0.7919701425220549
2499,0.26553247232018534,0.3135850131511688,4.593838598841949,3.9028819336843554
2507,0.7657693699002266,1.0,1.573066707611834,0.0
2509,0.7976436391472816,0.8975790143013,2.0086277905334398,1.437354134534931
2510,0.6494458213448524,0.8884532451629639,1.9448589224960002,0.6473965555873945
2514,0.8910806063148711,0.9363778829574585,1.382925869072515,0.9675542414433443
2530,0.911582936258877,0.9776607751846313,1.0882557759990132,0.34976430617693527
2557,0.6877096146345139,0.8041987419128418,1.5753173617740377,1.4368252767877785
2559,0.9333559304475785,1.0,0.8062817847888357,0.0
2567,0.9185042450061212,1.0,1.4823650178759125,0.0
2568,0.9060251896197979,1.0,1.5839611024965303,0.0
2574,0.9094439195959192,1.0,1.614507549563193,0.0
2584,0.8859239220619202,0.8887948393821716,0.9606295126662816,0.8163517118380853
2591,0.8516905822537162,0.9297400712966919,1.6445036966664046,1.033321938563283
2592,0.9216295426542108,0.9862774610519409,1.33703593805137,0.35782145624327705
2596,0.9468465263352674,1.0,0.7676335577005299,0.0
2601,0.9113514101640745,0.972213864326477,1.1384586996764217,0.16036836130531879
2604,0.8912163575490316,0.9257476329803467,1.3184351853881908,0.8855041370999253
2605,0.9193427165349325,0.9507186412811279,1.174871876349178,0.7356448720488165
2607,0.9283013878499761,0.9939223527908325,0.9215831999374429,0.3393201223969994
2612,0.8724224206173059,1.0,2.0564637770150935,0.0
2630,0.30562364008590465,0.3678824007511139,4.141509909621645,2.921391887196036
2636,0.9094439195959192,1.0,1.614507549563193,0.0
2637,0.6529255136847496,0.8008567690849304,1.969684053737128,1.5834053511091253
2639,0.832998058034314,0.8780551552772522,1.7727043065589152,1.4704354095994558
2651,0.9247183687331384,1.0,1.4289387375963059,0.0
2658,0.873855775052851,0.9362379908561707,2.6200525183903243,1.439954789301327
2659,0.8766072609207847,0.9579401016235352,2.0068430688309173,0.7518626259006429
2662,0.7862493395805359,0.8387683033943176,2.006194864587471,1.4739099085700245
2663,0.9468465263352674,1.0,0.7676335577005299,0.0
2669,0.9305429193708632,0.9872148633003235,1.0048659982632804,0.6093677280799293
2673,0.8609540080815031,0.9415640830993652,1.4490904163031453,0.4371065878596413
2674,0.8599906404290283,0.9144365787506104,1.6781579328365783,0.5833473691769854
2675,0.8599906404290283,0.9144365787506104,1.6781579328365783,0.5833473691769854
2689,0.7501669228076935,0.8566083908081055,1.4212524383385772,1.0789460181048167
2694,0.9250859916210175,0.9853978157043457,0.920081798359762,0.44835616571946113
2722,0.9349029262860616,0.958915114402771,0.851975074280146,0.30443235480261255
2735,0.6540713831782341,0.7204342484474182,2.7858297745893132,2.011162576047766
2736,0.8318859313925108,1.0,1.0232321513747786,0.0
2743,0.9341618120670319,0.974697470664978,1.9628646787608972,0.6864313363810903
2748,0.7648523586074344,0.8917649984359741,2.5026821169629763,0.7343559935786256
2749,0.7648523586074344,0.8917649984359741,2.5026821169629763,0.7343559935786256
2755,0.6952415436506272,0.730330228805542,1.9582189456449122,1.4014564844889108
2756,0.7100390270352364,0.7995887994766235,1.7985737959490453,0.8634600491176018
2763,0.9124260246753693,0.9676068425178528,1.2109290999998448,0.5423235079256084
2765,0.9156109231213728,0.9743034839630127,1.1508141465125703,0.36651877439676556
2771,0.9094439195959192,1.0,1.614507549563193,0.0
2775,0.9532695983846983,1.0,1.319382810922453,0.0
2779,0.9060833935033191,0.9742210507392883,1.227877138828556,0.3994924461456273
2780,0.9214945952681934,0.9702509641647339,1.096537438218466,0.4576590336197087
2783,0.980428417523702,1.0,0.6085054562247905,0.0
2798,0.9195795474630414,0.9709503650665283,1.4944163427989208,0.5895948930849507
2801,0.8318859313925108,1.0,1.0232321513747786,0.0
2823,0.9215301914761463,0.9774631261825562,0.9659265919385173,0.3081725829375414
2828,0.8693873882293701,0.8745853304862976,1.0277583950874918,0.9274608088619315
2839,0.7220204075177511,0.779283881187439,1.5436457273543056,1.0110010939905163
2841,0.9468465263352674,1.0,0.7676335577005299,0.0
2846,0.9111277965398935,1.0,1.6239698356777763,0.0
2847,0.6626093835767471,0.7723792791366577,2.689175298668122,1.5715980207860387
2872,0.563424022939369,0.8382660746574402,3.2536702114163782,2.076215428069652
2873,0.826478530963262,0.860714316368103,1.2368563454550596,0.9608082699712662
2878,0.9094439195959192,1.0,1.614507549563193,0.0
2879,0.6256134696304798,0.7643358111381531,1.996555235757221,1.4628162227877604
2891,0.6461341112852097,0.8986737132072449,2.007603975229202,0.8299331161191094
2897,0.878888338804245,1.0,0.6999033795407842,0.0
2899,0.8945611881859162,0.9527822136878967,1.2067491276151026,0.6543997950407151
2900,0.9241789342725978,0.9722710251808167,1.4002650078568077,0.5860192280412334
2901,0.8857175186276436,0.9578492641448975,1.307279979603689,0.6755131671901184
2914,0.8551452610679348,1.0,2.03103213150847,0.0
2917,0.891072246636081,0.9499732255935669,2.1332011020545005,1.239677912173176
2948,0.910581648349762,1.0,1.101691453659712,0.0
2969,0.9247183687331384,1.0,1.4289387375963059,0.0
2976,0.7076884852005885,0.819589376449585,1.9537847231352243,1.4658407229989614
2982,0.9247183687331384,1.0,1.4289387375963059,0.0
3006,0.9131115178267161,0.9731219410896301,1.2058118863579894,0.3935929775098828
3007,0.9251774102449417,0.9744873046875,1.1693395074933777,0.39176364885997084
3009,0.7417911291122437,1.0,0.8157095444493159,0.0
3017,0.8644913509488106,0.9646063446998596,1.187566646357582,0.886476707745472
3018,0.9438568751017252,1.0,1.0535591784067901,0.0
3022,0.9305270585943671,1.0,1.0253828559902822,0.0
3023,0.9626726972706178,1.0,0.723557384849326,0.0
3025,0.9021789896137574,0.9466289281845093,1.1422685522508516,0.7095736024075517
3032,0.7792311597502593,0.8893385529518127,2.119512316359905,1.342613123790385
3037,0.7415281181985681,0.8533680438995361,2.0323798474069528,1.238169314384731
3041,0.9247183687331384,1.0,1.4289387375963059,0.0
3062,0.7882399037480354,0.9616226553916931,1.3714926698843042,0.4184438576959361
3075,0.9532695983846983,1.0,1.319382810922453,0.0
3076,0.9532695983846983,1.0,1.319382810922453,0.0
3090,0.8734331951182113,0.9854536652565002,1.5957503930692516,0.7004539303725995
3091,0.9259067913915358,0.9851847290992737,1.5511080706800089,0.5302418763132642
3101,0.9367472175508738,0.9883460402488708,1.011499342285677,0.27631683179264777
3107,1.0,1.0,0.0,0.0
3109,0.9904186725616455,1.0,0.254785215100379,0.0
3115,0.9199009590289172,0.9885345101356506,1.450894697666558,0.4136541613154289
3117,0.9121998433461961,0.9704616069793701,1.3262475864838092,0.5041004290594294
3121,0.893262024603638,0.9373795390129089,1.2385324321867213,0.6295396672251089
3129,0.8222827712694804,0.8620959520339966,1.9006992267632372,1.5305774644391243
3130,0.980428417523702,1.0,0.6085054562247905,0.0
3143,0.8797125454459872,0.9177708029747009,1.5154707599018138,0.8399580039621835
3166,0.8530641661749946,0.9373806118965149,0.7995119708238461,0.3929954879855643
3191,0.8095385680596033,0.8991227746009827,1.6499711906478611,1.0458971580402339
3197,0.9616071338003332,1.0,1.0164131675219163,0.0
3198,0.888745592399077,0.9654217958450317,1.3308020426584988,0.8966138199357884
3200,0.9219350250912648,1.0,1.215317702206147,0.0
3201,0.9247183687331384,1.0,1.4289387375963059,0.0
3222,0.4026796817779541,0.4026796817779541,2.812707220637005,2.812707220637005
3233,0.9250581809045637,1.0,1.3698242832771546,0.0
3236,0.7046439302387741,0.8545642495155334,1.9198175087814853,1.2352532124094695
3243,0.5817566774785519,0.7484855651855469,2.9903903568118833,1.9489013191260307
3246,nan,nan,inf,inf
3247,nan,nan,3.2111588415866414,1.5767622148496552
3257,0.5634644885523981,0.7111738920211792,2.767179737826807,0.9179362374470731
3260,0.6035090179154368,0.6849683523178101,2.2575823467828147,1.4984328457273857
3261,0.576067325743762,0.6639077067375183,2.453755398053301,1.533748397681454
3262,0.7682113277189659,0.8680738210678101,2.5712298541057583,1.2472375435153824
3264,0.6668268763551525,0.7391473650932312,2.1418547824041867,1.3755929794860293
3265,0.7983107267349374,0.8451969027519226,2.0374028462451585,1.434831501833661
3273,0.7816415098926569,0.8608081936836243,2.1752679716497414,1.2558180678915265
3275,0.9247183687331384,1.0,1.4289387375963059,0.0
3284,0.9143037750170782,0.9821287989616394,1.3910129564380471,0.5272933091362291
3285,0.8921509419496243,0.9527314305305481,1.534219814545492,0.7072081926059216
3293,0.8778940585621616,1.0,1.5615074933508593,0.0
3297,0.9241180437452653,1.0,1.419591386045713,0.0
3310,0.7762091875076294,1.0,0.9311702693774105,0.0
3315,0.7899277934841081,0.8387763500213623,1.9924966916546927,1.3233762291471711
3330,0.814066489537557,0.8594046235084534,1.3035560364367715,0.9088751669097006
3331,0.7561126053333282,0.7864676713943481,1.7760343471250322,1.3428626997503972
3332,0.6335478780024192,0.7103703022003174,3.885124032084254,3.4741476960604207
3333,0.9214688872589785,0.9776930212974548,1.0358278177071218,0.39696391777752327
3335,0.9361745962763534,0.9930686354637146,1.040077570825673,0.34354030041597405
3341,0.784971139010261,0.8908644914627075,1.672170891552438,1.013598722804167
3356,0.39655478050311405,0.47982630133628845,3.257436524286367,2.9346797953806445
3364,0.8974544107913971,0.898090660572052,1.0827280713842016,0.9200330424637503
3365,0.6519060730934143,0.723197340965271,1.2712266054568535,1.0762596284209835
3379,0.9247183687331384,1.0,1.4289387375963059,0.0
3389,0.894883963115075,0.9627408981323242,1.8977695537738613,1.3295788536589654
3390,0.9418018039535073,0.9859070777893066,1.1476418108573263,0.5118990867524943
3404,0.7846352376100671,1.0,2.0238682324115342,0.0
3415,0.9009379943211874,0.9525676369667053,1.3169967530600442,0.9877409070335738
3416,0.951654722293218,0.988867461681366,0.608601308791484,0.24871616423012632
3425,0.894081283141585,0.9249807596206665,1.2204116272053043,0.6939556749528569
3426,0.838322087245829,0.8705089688301086,1.4889236658071905,1.059716968741235
3427,0.8260487212854273,0.8581478595733643,1.7500799214064575,1.4683761732988065
3439,0.9538843114586437,1.0,0.8154599300684264,0.0
3440,0.8886268211930406,0.9295084476470947,1.2094900845593948,0.5066691136933236
3446,0.910581648349762,1.0,1.101691453659712,0.0
3453,0.910581648349762,1.0,1.101691453659712,0.0
3461,0.9029911555219114,0.9722414016723633,1.4935707752714886,0.6502383110520485
3462,0.9247183687331384,1.0,1.4289387375963059,0.0
3466,0.9416720928514705,1.0,0.9818147605727288,0.0
3467,0.9247183687331384,1.0,1.4289387375963059,0.0
3468,0.9247183687331384,1.0,1.4289387375963059,0.0
3473,0.9247183687331384,1.0,1.4289387375963059,0.0
3498,0.6708024326171583,0.7982951998710632,3.4171308817587636,2.4689433503442104
3512,0.7847844908634821,0.9186986088752747,1.0704998399533179,0.8311278067717702
3523,0.8661804363131523,0.9223076701164246,1.6880793614951375,1.3912792809435448
3554,0.7221638560295105,0.8696168065071106,0.9557473816878297,0.47585274826066387
3565,0.9247183687331384,1.0,1.4289387375963059,0.0
3587,0.8621575848923789,1.0,1.1244435229277174,0.0
3598,0.910581648349762,1.0,1.101691453659712,0.0
3599,0.7971642048043364,0.9338783025741577,1.7006122214575379,0.6408148893793695
3605,0.8321847650739882,0.9404722452163696,1.1091804540223202,0.27965728751556973
3616,0.9532695983846983,1.0,1.319382810922453,0.0
3617,0.9532695983846983,1.0,1.319382810922453,0.0
3633,0.8732300996780396,0.9072748422622681,1.2688468191651217,0.8172523799364466
3638,0.9085941573276239,0.963495135307312,1.037092575821534,0.5188116411264612
3647,0.8400856776564729,0.9139697551727295,1.5063978557307962,0.9765167045370294
3648,0.8400856776564729,0.9139697551727295,1.5063978557307962,0.9765167045370294
3649,0.9096875396721503,0.9779418110847473,1.290493940516085,0.33908609790531924
3651,0.9319667033120698,0.9841002225875854,1.5244120059154165,0.649835064634129
3658,0.7846352376100671,1.0,2.0238682324115342,0.0
3667,0.7846352376100671,1.0,2.0238682324115342,0.0
3679,0.7846352376100671,1.0,2.0238682324115342,0.0
3680,0.5206922627985477,0.562324583530426,2.500459586645542,1.8625252889540382
3689,0.6196330636739731,0.6522265672683716,2.908698299809931,2.3499423345592043
3690,0.4218734459330638,0.45556989312171936,3.0740566761369266,2.618348669330282
3695,0.9288174510002136,0.9497503638267517,2.5022831599070305,2.2132565480405226
3704,0.9288174510002136,0.9497503638267517,2.5022831599070305,2.2132565480405226
3721,0.9589629918336868,1.0,0.8656109596835916,0.0
3731,0.9247183687331384,1.0,1.4289387375963059,0.0
3732,0.9247183687331384,1.0,1.4289387375963059,0.0
3751,0.9401648483342595,0.9844268560409546,1.096128020097831,0.27250645009905605
3762,0.9157318274180094,0.9757450222969055,1.0477471807186802,0.5491450529314094
3775,0.9589629918336868,1.0,0.8656109596835916,0.0
3776,0.9023684511582056,0.9497452974319458,1.1938957113219912,0.7139899235094349
3777,0.9589629918336868,1.0,0.8656109596835916,0.0
3785,0.9589629918336868,1.0,0.8656109596835916,0.0
3789,0.8188050472074084,0.8683977127075195,1.6476269821971423,1.308720788183475
3790,0.8063304142819511,0.8424593210220337,1.3178109544016852,0.9611568950579161
3794,0.6899595144345905,0.8223851323127747,2.4164041683780613,0.6705530631878233
3798,0.7888882941368854,0.9252398014068604,2.151221065523247,0.4951562352888795
3799,0.7888882941368854,0.9252398014068604,2.151221065523247,0.4951562352888795
3802,0.5852016305381601,0.6638808846473694,2.0549996640664774,0.6497887577731609
3803,0.7542162650462353,0.8624808192253113,2.3632081032532226,1.2119054030488083
3804,0.4513819199619871,0.5538657903671265,2.511252858427888,1.9919233589921206
3822,0.7130497009916739,0.8530449867248535,2.6766478332256174,1.3343455005044762
3830,0.7427681580637441,0.8076009750366211,2.698113219822922,1.8460410613216305
3833,0.6458347805521705,0.7119284272193909,3.0556525672271206,1.7325014412051587
3837,0.8873290968501669,0.9777405261993408,1.2403966894615888,0.3218108519951113
3855,0.9247183687331384,1.0,1.4289387375963059,0.0
3868,0.9081822608908018,0.9744223952293396,1.1587566007959051,0.44795523040721763
3898,0.7592405017095668,1.0,2.235603117685262,0.0
3908,0.7846352376100671,1.0,2.0238682324115342,0.0
3914,nan,nan,1.832719475156919,0.29706514450298593
3917,0.7846352376100671,1.0,2.0238682324115342,0.0
3926,0.930655973298209,1.0,1.254878727574208,0.0
3930,0.8928302267664358,0.9449372291564941,1.6227509658006327,0.8049134450801719
3947,nan,nan,1.762544826255566,0.9967510581306356
3950,0.7846352376100671,1.0,2.0238682324115342,0.0
3959,0.7182241075617426,0.8321196436882019,1.9829585151858908,1.0804059546922975
3960,0.7846352376100671,1.0,2.0238682324115342,0.0
3966,0.7965349845769929,0.9719218611717224,2.2357232802266447,0.43740628987947294
3969,0.704346289389006,0.8631561398506165,2.3589408769607507,0.9515951152746659
3981,0.7592405017095668,1.0,2.235603117685262,0.0
3985,0.936060942709446,0.9902740716934204,0.8791970772343228,0.42976264818260335
3993,0.8381670186152825,0.9623653292655945,1.806525772220225,0.8696547228466358
4014,0.7592405017095668,1.0,2.235603117685262,0.0
4016,0.936060942709446,0.9902740716934204,0.8791970772343228,0.42976264818260335
4021,nan,nan,1.8365002476883114,0.21616707148990796
4024,0.7592405017095668,1.0,2.235603117685262,0.0
4031,nan,nan,1.8365002476883114,0.21616707148990796
4034,0.7846352376100671,1.0,2.0238682324115342,0.0
4035,0.910581648349762,1.0,1.101691453659712,0.0
4040,nan,nan,2.000774512101045,1.3392794709885065
4045,0.7592405017095668,1.0,2.235603117685262,0.0
4051,nan,nan,2.2844953092712763,0.9667022936727404
4054,0.7592405017095668,1.0,2.235603117685262,0.0
4055,0.7564567426840464,0.7726201415061951,1.744891460561784,1.2614723221758672
4057,0.9134096764028072,0.9890066385269165,1.670315832594646,0.6057124605817039
4065,0.7667325952878365,0.9438706040382385,1.5542878948669632,0.7753235146087295
4066,0.7667325952878365,0.9438706040382385,1.5542878948669632,0.7753235146087295
4086,nan,nan,1.9016006769245797,0.8929948085458874
4089,0.7592405017095668,1.0,2.235603117685262,0.0
4090,0.910581648349762,1.0,1.101691453659712,0.0
4095,nan,nan,1.7345732938560354,0.2691367444436879
4098,0.7846352376100671,1.0,2.0238682324115342,0.0
4100,0.7178212689856688,0.7751068472862244,3.340633842822422,2.916117197473314
4105,nan,nan,2.43873023431171,1.583490675871596
4106,nan,nan,1.8052279560947189,0.21616707148990796
4109,0.7846352376100671,1.0,2.0238682324115342,0.0
4111,0.8665777109563351,0.9362680912017822,1.7510873833488971,1.1481748345647933
4116,nan,nan,1.8365002476883114,0.21616707148990796
4119,0.7592405017095668,1.0,2.235603117685262,0.0
4120,0.8925210038820902,0.9005929231643677,0.7050677929156245,0.2188135182956844
4153,0.7110146184762319,0.7406273484230042,2.96016518113025,2.8099557348997615
4158,nan,nan,1.8391253200540068,0.0
4159,nan,nan,1.7160532744249875,0.18914485732913017
4162,0.7592405017095668,1.0,2.235603117685262,0.0
4163,0.910581648349762,1.0,1.101691453659712,0.0
4171,0.7592405017095668,1.0,2.235603117685262,0.0
4173,0.8590807542204857,0.9165748357772827,1.580331536656417,0.9539277715288109
4201,0.9247183687331384,1.0,1.4289387375963059,0.0
4203,0.8600935139784626,0.93471759557724,1.4437377082157365,0.7948647981014599
4210,0.8998465502963346,0.9714503884315491,1.0094747828817192,0.3832568317427946
4225,nan,nan,1.8365002476883114,0.21616707148990796
4229,0.7083654881433676,1.0,2.8045760803688253,0.0
4232,0.9181260906159878,0.9906882047653198,1.2199883686723954,0.4428123418853537
4237,nan,nan,1.832719475156919,0.29706514450298593
4240,0.7592405017095668,1.0,2.235603117685262,0.0
4247,nan,nan,1.479252809555244,0.0
4251,0.7592405017095668,1.0,2.235603117685262,0.0
4258,0.9288174510002136,0.9497503638267517,2.5022831599070305,2.2132565480405226
4272,0.7933922249710921,0.9296488761901855,2.381653255834929,0.8360056279543482
4273,0.7933922249710921,0.9296488761901855,2.381653255834929,0.8360056279543482
4279,0.9247183687331384,1.0,1.4289387375963059,0.0
4280,0.9416720928514705,1.0,0.9818147605727288,0.0
4289,0.8488160570462545,0.8949292898178101,1.4926792235319564,1.0936636181877413
4321,0.8137341478937551,0.9202091693878174,2.049648737477178,1.1692752273674258
4345,0.8464850875249518,1.0,1.6104367692163604,0.0
4349,0.6717848752935728,0.8391985297203064,2.406204924931225,1.5132324751539237
4352,0.9283527574118446,1.0,1.1834077132577898,0.0
4353,0.8847135765587583,0.9755969643592834,1.1488074309498117,0.46971669978932723
4355,0.9125815040121475,0.9774253964424133,1.2653419827294639,0.342350795511878
4356,0.9125815040121475,0.9774253964424133,1.2653419827294639,0.342350795511878
4362,0.8742159605026245,0.8771243691444397,1.2985376192171372,1.2107063230974917
4363,0.8953859541151259,1.0,0.6570073424326286,0.0
4366,0.6050193458795547,0.7062199115753174,3.9682391676146,3.493388663283335
4367,0.8621575848923789,1.0,1.61280223166957,0.5642165824194167
4368,0.8621575848923789,1.0,1.61280223166957,0.5642165824194167
4369,0.8621575848923789,1.0,1.61280223166957,0.5642165824194167
4370,0.8621575848923789,1.0,1.61280223166957,0.5642165824194167
4376,0.7758047464821074,1.0,2.6957543586327555,0.0
4400,0.8087817620899942,0.8812766075134277,1.8729438621371335,1.2725760066831957
4405,0.8826297361622838,0.9392885565757751,1.2279204657382972,0.8348711780290786
4407,0.8430713765761432,0.902012050151825,1.2183890477156216,0.7265808543193762
4420,0.9094439195959192,1.0,1.614507549563193,0.0
4426,0.8621575848923789,1.0,1.61280223166957,0.5642165824194167
4438,0.8956027324585354,0.9582199454307556,1.1545826501474212,0.5204749626790841
4439,0.8716391736970228,1.0,1.1408119685461495,0.0
4444,0.7075096766153971,0.7516415119171143,1.7931553951268822,1.5015672294840816
4460,0.8920024931430817,0.9236557483673096,1.3920019439860218,0.9299578526023893
4465,0.8368662595748901,0.8553846478462219,1.287411148147744,1.2028114424914906
4466,0.7643680771191915,0.7877126336097717,1.1574474392508962,1.065725814406974
4486,0.5948276855335891,0.8586922287940979,3.545074712537031,2.7741191134971337
4490,0.8827102482318878,1.0,1.9527826879279893,0.0
4497,0.7217618958516554,0.7997469305992126,1.6638113356719324,1.077544294957601
4506,0.6762170705831412,0.7746084928512573,2.587950922206707,1.7133311367175181
4508,0.7079750029104096,0.7825499176979065,3.3943863336143862,1.731044688061164
4509,0.9410434208418194,0.9931527972221375,1.3270623588431756,0.3788259779897045
4525,0.9325164359282044,0.992414653301239,1.1199095292118395,0.4613951341269628
4530,0.7875591367483139,0.8184453845024109,1.8490189906120447,1.6988323139033525
4531,0.7747046947479248,0.8371479511260986,1.9851047400166872,1.3629126520156074
4537,0.5159503604872111,0.590241551399231,2.9588453498255873,2.0078374706700224
4566,nan,nan,3.688895967381665,3.191776446591354
4686,0.7381852392743273,1.0,2.41296978423308,0.0
4732,0.38579223435798676,0.48057299852371216,3.984684123751609,2.877228389614403
4735,0.7554446690612369,0.8769713044166565,1.3707643570856327,0.37304006882365814
4763,0.33208611541811156,0.46491602063179016,2.7817043393296954,2.0329019780824082
4764,0.19231468115878456,0.2313556969165802,2.9813807990025474,2.526507378508975
4765,nan,nan,3.316655295126358,2.7527837483340387
4782,0.2879270402093728,0.6043238639831543,4.011752044884379,2.930727123255332
4784,0.9272153026917401,0.989046573638916,1.4240642152395733,0.6042286083891624
4797,0.8625726121313432,0.898807942867279,1.210482060229782,0.7904736174558585
4798,0.912331850213163,0.9737913608551025,1.0530848158882034,0.32743639895523163
4871,0.8846034854650497,1.0,1.1974469932147018,0.7056999520350977
4876,0.8918308048394689,0.965477466583252,1.6743639339255063,0.36589658680224746
4877,0.8369975537061691,0.9540049433708191,2.04618676449443,0.7046261283851273
4881,0.9569279352823893,1.0,0.35883439912888937,0.0
4885,0.6194486495326547,0.7463758587837219,2.538580744629019,1.4050191340669025
4901,0.7426344032088915,0.9456390142440796,2.4300660946631627,1.2501880172050432
4927,0.7968711256980896,0.9674616456031799,1.5118417120543841,0.5032366261398613
4928,0.7694142460823059,0.895720899105072,1.5656937348694473,0.598054931254553
4962,0.831693880369558,0.9286539554595947,2.627527442605512,1.5915170197680695
4968,0.7973659187555313,0.981619656085968,1.7681636636368754,0.555456469273499
4974,0.9301116672845987,0.9923631548881531,1.1960912665899006,0.24684890085023123
4992,0.36131257967539293,0.41342419385910034,2.318500520758614,1.6830225756189523
5003,0.8737502358853817,0.9534040093421936,1.6110862095273428,0.7779648227308105
5005,0.88579840426403,1.0,1.6069484852505111,0.0
5006,0.895581924601605,0.9890985488891602,1.6253491347963889,0.34849238086610596
5013,0.7053502732340027,0.773024320602417,1.3686190215390879,1.010264848693022
5024,0.7728876424106684,0.9207020401954651,2.5494303853238436,1.0285614203829978
5026,0.7475592137286158,0.8671688437461853,2.408729367021625,0.8402673303976638
5029,0.37648532042900723,0.40836042165756226,2.4630107764138303,1.9266901489522459
5081,0.9250581809045637,1.0,1.3698242832771546,0.0
5083,0.858104429746929,0.9405825734138489,1.2571680275772188,0.5317626289369154
5084,0.9282055830254274,1.0,1.2672142478744348,0.0
5097,0.9359045620350277,1.0,1.203391571600778,0.0
5100,0.9124970459624341,0.9565814137458801,1.3371184768787705,0.6413703163174802
5111,0.9220872357049409,1.0,1.3776754469720214,0.0
5113,0.9089258760213852,0.9696434140205383,1.558553671324272,0.5664441321161751
5123,0.7778218492865563,0.8580067157745361,2.4069399277592147,1.8384093555273118
5156,0.6429415546062234,1.0,2.3865538254679035,0.0
5158,0.9247183687331384,1.0,1.4289387375963059,0.0
5164,0.8191430339446435,0.9477075934410095,1.3157073215424513,0.586955998091701
5179,0.6394710093736649,0.6445196270942688,2.2810414313967238,2.194233198593725
5180,0.8391920626163483,0.9219613075256348,1.0230108211104727,0.9321733138138444
5207,0.8391920626163483,0.9219613075256348,1.0230108211104727,0.9321733138138444
5209,0.9247183687331384,1.0,1.4289387375963059,0.0
5210,0.9185042450061212,1.0,1.4823650178759125,0.0
5213,0.9168020469300887,1.0,1.3316779344621328,0.0
5221,0.9260664634844836,0.9728502035140991,0.7819209918812559,0.3391479198974309
5230,0.7552244107831608,0.8622680306434631,2.4496154583036356,0.6725976697252599
5237,0.6914883260474061,0.7563127279281616,3.304484297329575,2.3792331003459815
5238,0.7266447057681424,0.8506937026977539,2.5541352919935054,1.4920005835308616
5239,0.743364366037505,0.844150722026825,2.302773004194761,1.3269763427336139
5241,0.9247183687331384,1.0,1.4289387375963059,0.0
5262,0.8051761239767075,0.8848203420639038,1.617641124529622,1.0888339425765048
5266,0.8051761239767075,0.8848203420639038,1.617641124529622,1.0888339425765048
5268,0.7567563652992249,0.761485755443573,2.779028160142514,2.4970517959297567
5271,0.8051761239767075,0.8848203420639038,1.617641124529622,1.0888339425765048
5272,0.7748953998088837,0.8241420388221741,1.8822733027193492,1.4595324430900478
5308,0.7792076867582515,0.8309885859489441,1.6656002652054849,1.0458676379556795
5314,0.7784371189773083,0.9368263483047485,1.759182064345533,0.899987085258101
5328,0.7792076867582515,0.8309885859489441,1.6656002652054849,1.0458676379556795
5329,0.8856945211141645,1.0,2.2042592223027366,0.0
5341,0.9094439195959192,1.0,1.614507549563193,0.0
5346,0.8936733694053164,0.9776427149772644,1.7639209285544715,0.44035487296691966
5347,0.8919559246769139,0.9549266695976257,1.4985252728036689,0.48231967500206246
5351,0.702944028377533,1.0,0.8917369795188428,0.0
5353,0.5617137014865875,0.8509095907211304,2.192704746023064,1.2294233672455814
5359,0.624237115184466,0.7324780821800232,2.220198965847354,1.9678979650407413
5360,0.7680221199989319,0.8736088275909424,1.9427498910918743,1.8422998712972518
5369,0.45479276047666695,0.5130751729011536,2.6310699335140404,1.9583209114738434
5371,0.8688233060794964,0.9376194477081299,1.7297903923915716,0.8410732187839484
5372,0.9301116672845987,0.9923631548881531,1.1960912665899006,0.24684890085023123
5373,0.9086550050056897,0.9687073826789856,1.3549695499351548,0.7267827114450222
5379,0.7048840193890265,0.8004339337348938,2.450099365674304,1.0907081410271013
5380,0.9162490312990389,0.9779724478721619,1.4805236685398488,0.47223352883727415
5383,0.7373008616268635,0.8680353164672852,2.0859671074080577,1.5501862977507368
5389,0.9094439195959192,1.0,1.614507549563193,0.0
5393,0.9309534605811624,0.9920021295547485,1.4509370769643741,0.4793593147106717
5395,0.7868459380286581,0.8752393126487732,2.8369028916427235,1.9743344133332243
5406,0.9314530888462768,0.9814565181732178,1.1221504117118501,0.4564483579414609
5432,0.5513398826122284,0.821322500705719,2.047389802563959,1.4050595902439738
5434,0.7967732548713684,1.0,1.1613923735686305,0.0
5450,0.6385776276389757,0.6772238612174988,2.3676841579952552,1.8795529988519555
5494,0.7837824657121125,0.9224281311035156,1.7673754024376023,0.8643920918655894
5500,0.7718423940241337,1.0,1.8428520695914288,0.0
5503,0.6505720854243812,0.7080841660499573,3.040021441602685,2.238971415429033
5504,0.7771997640238089,0.9227012395858765,1.9819335829406504,1.076157820569111
5506,0.8349956538942125,0.8715845346450806,1.4399901358552791,0.8016215354420626
5507,0.7762406848590163,0.9036683440208435,2.161279615697446,1.1187318647119284
5510,0.7768164113821352,0.9236897230148315,1.8561541341379262,0.9852574037086721
5511,0.5695836614707813,0.6197952032089233,3.3609575023998057,2.7798381985945566
5512,0.6826286093496224,0.8659351468086243,1.933055321387332,1.3140706931308346
5517,0.8865646719932556,0.9729869961738586,1.7776010759410301,1.0091948911032618
5519,0.6841156595550916,0.8649955987930298,2.8500939411712607,1.916753037655049
5524,0.8095905601978302,1.0,1.7232275350540385,0.0
5529,0.7417349929318708,0.871730387210846,2.349513092195389,1.6513974213488878
5531,0.5886124106390136,0.7319536805152893,1.5518229071539467,0.9985364797010714
5532,0.8729443067596072,0.9239102602005005,1.467833788243503,0.7367288908254644
5536,0.6814813442966517,0.8639352917671204,2.0730954173515044,1.2917017357059084
5537,0.6814813442966517,0.8639352917671204,2.0730954173515044,1.2917017357059084
5539,0.5159503604872111,0.590241551399231,2.9588453498255873,2.0078374706700224
5540,0.592373977936312,0.6685032844543457,2.1769311109863088,1.1241723698936124
5541,0.8084839838454376,0.8845745921134949,1.830896352518554,0.7847666213320381
5544,0.8849363751085845,1.0,1.8461237360379084,0.0
5562,0.8846289813518524,0.9632599353790283,1.7703702592606836,0.6933833692652329
5565,0.7276250906288624,0.8634992837905884,2.102311331338816,1.0238522027239874
5573,0.8909186323483785,0.9044092297554016,0.6984509051223092,0.48231982766842396
5574,0.8909186323483785,0.9044092297554016,0.6984509051223092,0.48231982766842396
5576,0.9060029734802597,0.9675761461257935,1.4635417721068953,0.7358410149185195
5583,0.8396846055984497,0.9812409281730652,1.2424896999205424,0.37871620673056927
5589,0.6108559200576708,0.8250767588615417,3.143199708016064,2.1529320540374735
5598,0.7083654881433676,1.0,2.8045760803688253,0.0
5607,0.8231278874538018,1.0,1.7923562763238072,0.0
5610,0.9203549004518069,1.0,1.519473314290864,0.0
5616,0.6287875398993492,0.7622303366661072,2.7301775739992613,1.085709729045285
5623,0.8086756744928527,0.8860030770301819,2.4350832809693217,0.8661680660375154
5624,0.7740475923726053,0.899955689907074,2.413877931573084,0.9745303728645281
5625,0.9113006591796875,1.0,1.5448508863519113,0.0
5633,0.8442728632327282,0.8990791440010071,1.8091102237996184,0.9054828451291166
5637,0.9269022962503266,0.9945513010025024,1.4720623776554231,0.4101818734516168
5638,0.9094439195959192,1.0,1.614507549563193,0.0
5642,0.8831531436957977,1.0,1.936962914414596,0.0
5643,0.8917595627286886,1.0,1.9078470053114471,0.0
5644,0.8831531436957977,1.0,1.936962914414596,0.0
5645,0.9289020783545678,1.0,1.318644121459835,0.0
5646,0.9094439195959192,1.0,1.614507549563193,0.0
5656,0.7931171185695208,0.8441722989082336,2.133460623843487,1.0716887093125134
5664,0.6793623626232147,1.0,1.6977524871044039,0.0
5668,0.8599906404290283,0.9144365787506104,1.6781579328365783,0.5833473691769854
5669,0.9094439195959192,1.0,1.614507549563193,0.0
5670,0.603326503187418,0.7735539674758911,2.482537626004211,2.0679505076379017
5672,0.5595890749245882,0.6806521415710449,2.4155927266553716,1.6714318783217585
5675,0.9289020783545678,1.0,1.318644121459835,0.0
5676,0.9289020783545678,1.0,1.318644121459835,0.0
5686,0.9094439195959192,1.0,1.614507549563193,0.0
5687,0.8236991092562675,0.9816946387290955,2.310507636063771,0.7111433738606391
5694,0.870043451848783,0.9245142340660095,1.9688860221037137,1.0890357615205142
5706,0.6130688078701496,0.704377293586731,2.442769726331355,1.7518045197707275
5746,0.9094439195959192,1.0,1.614507549563193,0.0
5747,0.9193470315898166,1.0,1.2238793903795384,0.0
5750,0.9527858022381278,1.0,1.013249285572739,0.0
5764,0.9080881567464935,0.9507356882095337,1.3358356535383276,0.6732549776050728
5766,0.7655554175376892,1.0,1.0527321471025695,0.0
5772,0.9182650595903397,0.9701893329620361,1.2428732551251285,0.8254625659627969
5775,0.8871911339023534,0.9585049748420715,1.7066594968765183,1.0529987522408275
5781,0.7634865999221802,1.0,1.2182091738244565,0.0
5796,0.7736008524894714,1.0,1.2886065128069917,0.0
5800,0.7506171464920044,1.0,1.4713788906594893,0.0
5802,0.7731757283210754,1.0,1.2104586648499527,0.0
5806,0.27140459418296814,0.27140459418296814,2.5843966317764235,2.5843966317764235
5816,0.7655554175376892,1.0,1.0527321471025695,0.0
5829,0.7215571527679762,0.7723662257194519,2.06925803016143,1.6134024798524378
5834,0.8416123257742988,0.9684463739395142,0.8576617185051567,0.23259806090884777
5850,0.5136025696992874,0.8750587105751038,2.66718628300482,1.4922089551284496
5851,0.7736008524894714,1.0,1.2886065128069917,0.0
5857,0.2544042657987744,0.31266164779663086,2.9058705343425437,1.7177451354608877
5886,0.7592405017095668,1.0,2.235603117685262,0.0
5896,0.7592405017095668,1.0,2.235603117685262,0.0
5908,0.7592405017095668,1.0,2.235603117685262,0.0
5909,0.8015930131077766,0.9013360142707825,2.1226425029363383,1.51432549518314
5910,0.803989090025425,0.9229660034179688,1.7241029176501357,1.010165681343171
5911,0.6864604726433754,0.773643434047699,1.9087688510830125,1.406741284591549
5921,0.7592405017095668,1.0,2.235603117685262,0.0
5922,0.803989090025425,0.9229660034179688,1.7241029176501357,1.010165681343171
5923,0.7562899813055992,0.8584672212600708,2.107137488215756,1.495919176317804
5924,0.8695127442479134,0.9749681949615479,1.2050344192513243,0.2663244545110617
5929,0.819123724804205,0.925294041633606,2.1610838841160622,1.2295323928261659
5956,0.8305415881402565,0.8984013199806213,1.9553299105310478,1.0740002440284913
5961,0.9247183687331384,1.0,1.4289387375963059,0.0
5970,0.7852674885229631,0.8784388899803162,2.220357442770123,0.7332457230950508
5975,0.8896911144256592,0.9428235292434692,2.1164285638697766,1.5712532925533724
5985,0.9247183687331384,1.0,1.4289387375963059,0.0
5996,0.7089461801630078,0.8073797821998596,2.347776152107078,1.3095766789865821
6001,0.831227385636532,0.9392819404602051,1.8152549808263085,0.6977862856648367
6002,0.8198174969716505,0.8936867117881775,1.6521399912043304,0.6468074132447309
6003,0.831227385636532,0.9392819404602051,1.8152549808263085,0.6977862856648367
6005,0.9247183687331384,1.0,1.4289387375963059,0.0
6011,0.9247183687331384,1.0,1.4289387375963059,0.0
6014,0.9854892790317535,1.0,0.2180929193048414,0.0
6015,0.9532695983846983,1.0,1.319382810922453,0.0
6016,0.961734431485335,1.0,1.1140339523153386,0.0
6020,0.9247183687331384,1.0,1.4289387375963059,0.0
6024,0.9247183687331384,1.0,1.4289387375963059,0.0
6026,0.9247183687331384,1.0,1.4289387375963059,0.0
6030,0.9247183687331384,1.0,1.4289387375963059,0.0
6036,0.9288174510002136,0.9497503638267517,2.5022831599070305,2.2132565480405226
6045,0.9288174510002136,0.9497503638267517,2.5022831599070305,2.2132565480405226
6046,0.9288174510002136,0.9497503638267517,2.5022831599070305,2.2132565480405226
6054,0.7981912866234779,1.0,1.2982594293216723,0.0
6062,0.9288174510002136,0.9497503638267517,2.5022831599070305,2.2132565480405226
6078,0.8074201097091039,0.9892786145210266,1.2939657884706237,0.4995562024907136
6089,0.9473386292948442,1.0,0.7566602081768685,0.0
6097,0.8908836609300446,0.9496391415596008,1.324528875524729,0.6882825655986992
6113,0.9281388087307706,0.9838693141937256,0.8114592361891351,0.37290217075757
6117,0.9530291785212124,1.0,0.8971807248514704,0.0
6130,0.9530195111737532,1.0,0.9640526747465408,0.0
6140,0.9530291785212124,1.0,0.8971807248514704,0.0
6153,0.5536554131437751,0.7005453705787659,2.8568197464630964,2.186442061789855
6154,0.5633082643479985,0.7036576271057129,3.142253430944482,2.5387463249025433
6161,0.7474754929542542,0.9386953711509705,1.3285107983068576,1.0719717265852358
6165,0.7380566954612732,1.0,1.1745487955485028,0.0
6173,0.271808854837454,0.3693077564239502,3.368648934037794,1.1646476352710724
6177,0.910581648349762,1.0,1.101691453659712,0.0
6219,0.654794305562973,0.7374081015586853,2.414612187859612,1.6558759580702267
6223,0.3627152945846319,0.3977086842060089,2.335245769895931,1.752878282018455
6230,0.6741234635313352,0.8490848541259766,2.2741850781322586,1.3461706221083871
6231,0.7705709089835485,1.0,1.7060439905953846,0.0
6245,0.6105300109723911,0.6836008429527283,2.6150167454485627,1.659363892879228
6246,0.5159503604872111,0.590241551399231,2.9588453498255873,2.0078374706700224
6249,0.9094439195959192,1.0,1.614507549563193,0.0
6259,0.9906383156776428,1.0,0.2572713441304263,0.0
6284,0.9094439195959192,1.0,1.614507549563193,0.0
6285,0.8190354071557522,1.0,1.5771787883373016,0.0
6294,0.6458732311924299,0.8150331974029541,3.092616822022473,1.8902506459610589
6298,0.7686021000731225,0.8282195925712585,1.664400528483613,1.2267107764979863
6307,0.9094439195959192,1.0,1.614507549563193,0.0
6331,0.8411283484010985,0.9069473147392273,1.842241215154413,1.2992756261648613
6339,0.7918223043282827,0.9059123992919922,2.4852379335268266,1.5441355228065976
6348,0.9298961863798254,0.9881958365440369,0.9727533554140535,0.35992866034657267
6351,0.9094439195959192,1.0,1.614507549563193,0.0
6354,0.9094439195959192,1.0,1.614507549563193,0.0
6355,0.8231549641260734,0.9068993926048279,1.9184286216467372,1.1129534180659342
6356,0.7144085959746287,0.8024965524673462,2.229597007355115,1.5308815518007441
6366,0.9094439195959192,1.0,1.614507549563193,0.0
6367,0.9094439195959192,1.0,1.614507549563193,0.0
6372,0.8724998299982033,0.9175466895103455,1.124206468218546,0.4992790703227719
6373,0.8456648848220414,0.9015824794769287,2.182593321840939,1.7424322013534232
6375,0.9094439195959192,1.0,1.614507549563193,0.0
6379,0.8348537061144324,0.8714566826820374,1.3886232634547564,0.9391262244591803
6380,0.9094439195959192,1.0,1.614507549563193,0.0
6381,0.8061348360318404,0.8750189542770386,2.323870381314918,1.7772630448916518
6382,0.5153141417182409,0.5827240347862244,2.7654597676450967,2.215277759924099
6383,0.548034033523156,0.6112863421440125,2.755666968625715,2.287462983683489
6384,0.9157770363723531,1.0,1.1381047452670066,0.0
6385,0.8256428884524926,0.8859184980392456,1.4614976433714435,0.8874898839820042
6386,0.9094439195959192,1.0,1.614507549563193,0.0
6387,0.9157770363723531,1.0,1.1381047452670066,0.0
6388,0.9157770363723531,1.0,1.1381047452670066,0.0
6389,0.9157770363723531,1.0,1.1381047452670066,0.0
6390,0.5897102434845531,0.6322985291481018,1.6908010639568432,1.2085948983222903
6391,0.22608866527968763,0.26164525747299194,4.004325675549525,3.5566707816033447
6394,0.3332453760923001,0.3921622931957245,2.5726761232286335,2.0457066018260295
6395,0.21812779469448224,0.25323808193206787,4.638162552891788,3.9214583195532966
6396,0.6300817950252902,0.7289170622825623,3.1281819006574234,2.5058811333425575
6397,0.30987447909280363,0.383331835269928,3.328532173456365,2.924218044125379
6404,0.8030447290808547,0.8926678895950317,1.5111429207023737,1.0473289779179304
6408,0.8903895987599504,0.9413312673568726,1.5232583354746216,0.9427253255860831
6409,0.9390796247650596,1.0,0.9209897232649329,0.0
6410,0.9295343204456217,0.9842936396598816,0.9034574923852281,0.14261809192597866
6412,0.9279908581691629,1.0,1.2133409572067417,0.0
6417,0.9157770363723531,1.0,1.1381047452670066,0.0
6418,0.9247183687331384,1.0,1.4289387375963059,0.0
6419,0.9247541079918543,1.0,1.3616870554382796,0.0
6420,0.9017337797319188,0.9783427715301514,1.0975496834784504,0.16902863960091608
6423,0.9247183687331384,1.0,1.4289387375963059,0.0
6425,0.9247183687331384,1.0,1.4289387375963059,0.0
6431,0.9247183687331384,1.0,1.4289387375963059,0.0
6436,0.8844855388528422,0.9325486421585083,1.8262800653710454,1.1757685702684397
6444,0.8022409727176031,0.873833954334259,1.8803691671689948,1.198313264546939
6445,0.9247183687331384,1.0,1.4289387375963059,0.0
6449,0.9247183687331384,1.0,1.4289387375963059,0.0
6450,0.9185042450061212,1.0,1.4823650178759125,0.0
6480,0.8621575848923789,1.0,1.61280223166957,0.5642165824194167
6481,0.8621575848923789,1.0,1.61280223166957,0.5642165824194167
6482,0.6484600686364703,0.8062078356742859,1.762380535813819,0.9690416254339859
6484,0.8621575848923789,1.0,1.61280223166957,0.5642165824194167
6491,0.838783339913196,0.9279177784919739,1.6552883761683241,0.8221591525046548
6510,0.9200653520723184,0.9844335913658142,1.2674548932089127,0.3496711317919359
6512,0.4344206750392914,0.524702250957489,1.7289938800841387,1.1005873820847178
6522,0.6989095091819764,1.0,0.7638623911991896,0.0
6537,0.6989095091819764,1.0,0.7638623911991896,0.0
6550,0.9094439195959192,1.0,1.614507549563193,0.0
6553,0.6887755324954495,0.7691673040390015,2.4360619994013613,1.7403100209959967
6554,0.7129296922289273,0.8289885520935059,3.2849281778492156,2.4644149498898495
6566,0.9092597058590721,1.0,1.3151822441146583,0.0
6579,0.6935987792470876,0.7856035232543945,2.299387010481209,1.5712054493513883
6591,0.6441016903914073,0.7545099258422852,2.545091314502086,1.7068015293621204
6597,0.9094439195959192,1.0,1.614507549563193,0.0
6599,0.8651655709201639,1.0,1.783605213349708,0.0
6606,0.2930415054517133,0.3643423318862915,3.206603099585838,2.683734281039534
6621,0.9349479973316193,1.0,1.0187818124778418,0.0
6627,0.9094439195959192,1.0,1.614507549563193,0.0
6649,0.929790905543736,1.0,1.226215529244011,0.0
6658,0.6044936465665632,0.710166871547699,2.605990872378762,1.5290839563173768
6665,0.6594998441410788,0.7413233518600464,2.2374934211229744,1.2144825678208286
6666,0.5661036400406649,0.6702415347099304,3.139664405600897,2.470887619747464
6667,0.6223650437525727,0.7271337509155273,3.3098552157535823,2.48669180844187
6669,0.8628932933012644,1.0,1.6939490459713713,0.0
6677,0.9005840995855499,0.9918148517608643,1.6319380586774486,0.4162111158767103
6684,0.9133036565362361,0.9855562448501587,1.259944391846803,0.3629408786982846
