ofto_error_count,Spell,Article_a_an_error_count,sva_error_count,RuleRepeatedLinkWords_error_count,Verbform_error_count,noun_error_count,Article_error_count,AdjAdv_error_count,Wordform_error_count,VerbCollocation_error_count,Id
0,0,0,0,0,0,0,0,0,0,0,10
0,0,0,0,0,0,0,0,0,0,0,1012
0,0,0,0,0,0,0,1,0,0,0,1013
0,0,0,0,0,0,0,0,0,0,0,1019
0,0,0,0,0,0,0,0,0,0,0,1021
0,0,0,0,0,0,0,0,0,0,0,1029
0,0,0,0,0,0,0,0,0,0,0,1034
0,0,0,0,0,0,0,0,0,0,0,1035
0,0,0,0,0,0,0,0,0,0,0,1038
0,0,0,0,0,0,0,0,0,0,0,1040
0,0,0,0,0,0,0,0,0,0,0,1049
0,0,0,0,0,0,0,0,0,0,0,1050
0,0,0,0,0,0,0,0,0,0,0,1051
0,0,0,0,0,0,0,1,0,0,0,1059
0,0,0,0,0,0,0,0,0,0,0,1073
0,0,0,0,0,0,0,0,0,0,0,1109
0,0,0,0,0,0,0,0,0,0,0,1110
0,0,0,0,0,0,0,0,0,0,0,1114
0,0,0,0,0,0,0,0,0,0,0,1119
0,0,0,0,0,0,0,0,0,0,0,1120
0,0,0,0,0,0,0,0,0,0,0,1125
0,0,0,0,0,0,0,0,0,0,0,1131
0,0,0,0,0,0,0,0,0,0,0,1152
0,0,0,0,0,0,0,0,0,0,0,1153
0,0,0,0,0,0,0,0,0,0,0,116
0,0,0,0,0,0,0,0,0,0,0,1167
0,0,0,1,0,0,0,0,0,0,0,1168
0,0,0,0,0,0,0,0,0,0,0,1177
0,0,0,0,0,0,0,0,0,0,0,1178
0,0,0,0,0,0,0,0,0,0,0,1182
0,0,0,0,0,0,0,0,0,0,0,1186
0,0,0,0,0,0,0,0,0,0,0,1188
0,0,0,0,0,0,0,0,0,1,1,1199
0,0,0,0,0,0,0,0,0,0,0,12
0,0,0,0,0,0,0,1,0,0,0,1211
0,0,0,0,0,0,0,0,0,0,0,1213
0,0,0,0,0,0,0,0,0,0,0,1247
0,0,0,0,0,0,0,0,0,0,0,1248
0,0,0,0,0,0,0,0,0,0,0,1249
0,0,0,0,0,0,0,1,0,0,0,1261
0,0,0,0,0,0,0,0,0,0,1,1264
0,0,0,0,0,0,0,0,0,0,0,127
0,0,0,0,0,0,0,0,0,0,0,1270
0,0,0,0,0,0,0,0,0,0,1,1286
0,0,0,0,0,0,0,0,0,0,0,1294
0,0,0,0,0,0,0,0,0,0,0,1313
0,0,0,0,0,0,0,0,0,0,0,1351
0,0,0,0,0,0,0,0,0,0,0,1354
0,0,0,0,0,0,0,0,0,0,0,1355
0,0,0,0,0,0,0,0,0,0,0,1364
0,0,0,0,0,0,0,0,0,0,0,1371
0,0,0,0,0,0,0,0,0,0,0,1372
0,0,0,0,0,0,0,0,0,0,0,140
0,0,0,0,0,0,0,0,0,0,0,1404
0,0,0,0,0,0,0,1,0,0,1,141
0,0,0,0,0,0,0,0,0,0,0,142
0,0,0,0,0,0,0,0,0,0,0,1423
0,0,0,0,0,0,0,0,0,0,0,1424
0,0,0,0,0,0,0,0,0,0,0,1425
0,0,0,0,0,0,0,0,0,0,0,1426
0,0,0,0,0,0,0,0,0,0,0,1431
0,0,0,0,0,0,0,0,0,0,0,1455
0,0,0,0,0,0,0,0,0,0,0,1464
0,0,0,0,0,0,1,0,0,0,0,1476
0,0,0,0,0,0,0,0,0,0,0,1477
0,0,0,0,0,0,0,0,0,0,0,1478
0,0,0,0,0,0,0,0,0,0,0,1486
0,0,0,0,0,0,0,0,0,0,0,1494
0,0,0,0,0,0,0,0,0,0,0,1510
0,0,0,0,0,0,0,0,0,0,0,1519
0,0,0,0,0,0,0,0,0,0,0,1532
0,0,0,0,0,0,0,1,0,0,0,1553
0,0,0,0,0,0,0,0,0,0,0,1564
0,0,0,0,0,1,0,0,0,0,0,1583
0,0,0,0,0,0,0,0,0,0,0,1590
0,0,0,0,0,0,0,0,0,0,0,16
0,0,0,0,0,0,0,0,0,0,0,1615
0,0,0,0,0,0,0,0,0,0,0,1624
0,0,0,0,0,0,0,0,0,0,0,1630
0,0,0,0,0,0,0,0,0,0,0,1642
0,0,0,0,0,0,0,0,0,0,0,1645
0,0,0,0,0,0,0,0,0,0,0,165
0,0,0,0,0,0,0,0,0,0,0,1662
0,0,0,0,0,0,0,0,0,0,0,1678
0,0,0,0,0,0,0,0,0,0,1,169
0,0,0,0,0,0,0,0,0,0,0,1693
0,0,0,0,0,0,0,0,0,0,0,1698
0,0,0,0,0,0,0,0,0,0,0,1699
0,0,0,0,0,0,0,0,0,0,0,170
0,0,0,0,0,0,0,0,0,0,0,1702
0,0,0,0,0,0,0,0,0,0,0,1716
0,0,0,0,0,0,0,0,0,0,0,1731
0,0,0,0,0,0,0,0,0,0,0,1732
0,0,0,0,0,0,0,0,0,0,0,1734
0,0,0,0,0,0,0,0,0,0,0,1737
0,0,0,0,0,0,0,0,0,0,0,1770
0,0,0,0,0,0,0,0,0,0,0,1792
0,0,0,0,0,0,0,0,0,0,0,1795
0,0,0,0,0,0,2,0,0,0,0,18
0,0,0,0,0,0,0,0,0,0,0,1815
0,0,0,0,0,0,0,0,0,0,0,1822
0,0,0,0,0,0,0,0,0,0,0,1826
0,0,0,0,0,0,0,0,0,0,0,1828
0,0,0,0,0,0,0,0,0,0,0,183
0,0,0,0,0,0,0,0,0,0,0,1830
0,0,0,0,0,0,0,0,0,0,0,1831
0,0,0,0,0,0,0,0,0,0,0,1832
0,0,0,0,0,0,0,0,0,0,0,1836
0,0,0,0,0,0,0,0,0,0,0,1839
0,0,0,0,0,0,0,0,0,0,0,1842
0,0,0,0,0,0,0,0,0,0,0,1846
0,0,0,0,0,0,0,0,0,0,0,1848
0,0,0,0,0,0,0,0,0,0,0,1849
0,0,0,0,0,0,0,0,0,0,0,1854
0,0,0,0,0,0,0,0,0,1,0,1861
0,0,0,0,0,0,0,0,0,0,0,1863
0,0,0,0,0,0,0,0,0,0,0,1866
0,0,0,0,0,0,0,0,0,0,1,187
0,0,0,0,0,0,0,0,0,0,0,1870
0,0,0,0,0,0,0,0,0,0,0,1876
0,0,0,0,0,0,0,0,0,0,0,1879
0,0,0,0,0,0,0,0,0,0,0,1880
0,0,0,0,0,0,0,0,0,0,0,1889
0,0,0,0,0,0,0,0,0,0,0,1906
0,0,0,0,0,0,0,0,0,0,1,1908
0,0,0,0,0,0,0,1,0,0,0,1914
0,0,0,0,0,0,0,0,0,0,0,1915
0,0,0,0,0,0,0,0,0,0,0,1925
0,0,0,0,0,0,0,0,0,0,0,1927
0,0,0,0,0,0,0,0,0,0,1,1928
0,0,0,0,0,0,0,0,0,0,1,1929
0,0,0,0,0,0,0,0,0,0,0,1931
0,0,0,0,0,0,0,0,0,0,0,1938
0,0,0,0,0,0,0,0,0,0,1,1944
0,0,0,0,0,0,0,0,0,0,1,1945
0,0,0,0,0,0,0,1,0,0,0,1964
0,0,0,0,0,0,0,0,0,0,0,1974
0,0,0,0,0,0,0,0,0,0,0,1983
0,0,0,0,0,0,0,0,0,0,0,1987
0,0,0,0,0,0,0,1,0,0,0,1990
0,0,0,0,0,0,0,0,0,0,0,2000
0,0,0,0,0,0,0,0,0,0,0,2007
0,0,0,0,0,0,0,0,0,0,0,2021
0,0,0,0,0,0,0,0,0,0,0,2036
0,0,0,0,0,0,0,0,0,0,0,2037
0,0,0,0,0,0,0,0,0,0,0,2039
0,0,0,0,0,0,1,1,0,0,0,2057
0,0,0,0,0,0,0,0,0,0,1,2072
0,0,0,0,0,0,0,0,0,0,0,2074
0,0,0,0,0,0,0,0,0,0,0,2079
0,0,0,0,0,0,0,0,0,0,0,2080
0,0,0,0,0,0,0,0,0,0,0,2087
0,0,0,0,0,0,0,0,0,0,0,2104
0,0,0,0,0,0,0,0,0,0,0,2108
0,0,0,0,0,0,0,0,0,0,0,2112
0,0,0,0,0,0,0,0,0,0,0,2124
0,0,0,0,0,0,0,0,0,0,0,2125
0,0,0,0,0,0,0,0,0,0,0,2135
0,0,0,0,0,0,0,0,0,0,0,2137
0,0,0,0,0,0,0,0,0,0,0,2151
0,0,0,0,0,0,0,0,0,1,1,2160
0,0,0,0,0,0,0,0,0,0,0,2173
0,0,0,0,0,0,0,0,0,0,0,2190
0,0,0,0,0,0,0,0,0,0,0,220
0,0,0,0,0,0,0,1,0,0,0,2203
0,0,0,0,0,0,0,0,0,0,0,2212
0,0,0,0,0,0,0,1,0,0,0,2213
0,0,0,0,0,0,0,0,0,0,0,2215
0,0,0,0,0,0,0,0,0,0,0,2226
0,0,0,0,0,0,0,0,0,0,0,2233
0,0,0,0,0,0,0,0,0,0,0,2238
0,0,0,0,0,0,0,0,0,0,0,2240
0,0,0,0,0,0,0,0,0,0,0,2257
0,0,0,0,0,0,0,0,0,0,0,2261
0,0,0,0,0,0,0,0,0,0,0,227
0,0,0,0,0,0,0,0,0,0,0,2271
0,0,0,0,0,0,0,0,0,0,0,2277
0,0,0,0,0,0,1,1,0,0,0,2280
0,0,0,0,0,0,0,1,0,0,0,2285
0,0,0,0,0,0,0,1,0,0,0,2286
0,0,0,0,0,0,0,0,0,0,0,2294
0,0,0,0,0,0,0,0,0,0,0,2299
0,0,0,0,0,0,0,0,0,0,1,23
0,0,0,0,0,0,0,0,0,1,1,2302
0,0,0,0,0,0,0,0,0,0,0,2318
0,0,0,0,0,0,0,1,0,0,0,2326
0,0,0,0,0,0,0,0,0,0,0,2328
0,0,0,0,0,0,0,0,0,0,0,2330
0,0,0,0,0,0,0,0,0,0,0,2339
0,0,0,0,0,0,0,0,0,0,0,2340
0,0,0,0,0,0,0,0,0,1,2,2342
0,0,0,0,0,0,0,0,0,0,0,2360
0,0,0,0,0,0,0,0,0,1,1,2363
0,0,0,0,0,0,0,0,0,1,1,2364
0,0,0,0,0,0,0,0,0,1,1,2365
0,0,0,0,0,0,0,0,0,0,0,2371
0,0,0,0,0,0,0,0,0,0,0,2377
0,0,0,0,0,0,0,0,0,0,0,2380
0,0,0,0,0,0,0,0,0,0,0,2388
0,0,0,0,0,0,0,0,0,0,0,2389
0,0,0,0,0,0,0,0,0,0,0,2390
0,0,0,0,0,0,0,0,0,0,0,2396
0,0,0,0,0,0,0,0,0,0,0,2429
0,0,0,0,0,0,0,0,0,0,0,2449
0,0,0,0,0,0,0,0,0,0,0,2454
0,0,0,0,0,0,0,0,0,0,0,2458
0,0,0,0,0,0,0,1,0,0,0,2459
0,0,0,0,0,0,0,0,0,0,0,246
0,0,0,0,0,0,1,0,0,0,0,2463
0,0,0,0,0,0,0,0,0,0,0,248
0,0,0,0,0,0,0,0,0,0,0,2486
0,0,0,0,0,0,0,0,0,0,0,2499
0,0,0,0,0,0,0,0,0,0,0,2507
0,0,0,0,0,0,0,0,0,0,0,2509
0,0,0,0,0,0,0,0,0,0,0,2510
0,0,0,0,0,0,0,0,0,0,0,2514
0,0,0,0,0,0,0,0,0,0,0,2530
0,0,0,0,0,0,0,0,0,0,0,2557
0,0,0,0,0,0,0,0,0,1,1,2559
0,0,0,0,0,0,0,0,0,0,0,2567
0,0,0,0,0,0,0,0,0,0,0,2568
0,0,0,0,0,0,0,1,0,0,0,257
0,0,0,0,0,0,0,1,0,0,0,2574
0,0,0,0,0,0,0,1,0,0,0,258
0,0,0,0,0,0,0,0,0,0,0,2584
0,0,0,0,0,0,0,1,0,0,0,2591
0,0,0,0,0,0,0,0,0,0,0,2592
0,0,0,0,0,0,0,0,0,0,0,2596
0,0,0,0,0,0,0,0,0,0,0,2601
0,0,0,0,0,0,0,0,0,0,0,2604
0,0,0,0,0,0,0,0,0,0,0,2605
0,0,0,0,0,0,0,1,0,0,0,2607
0,0,0,0,0,0,0,0,0,0,0,2612
0,0,0,0,0,0,0,0,0,0,0,2630
0,0,0,0,0,0,0,1,0,0,0,2636
0,0,0,0,0,0,0,0,0,0,0,2637
0,0,0,0,0,0,0,0,0,0,0,2639
0,0,0,0,0,0,0,0,0,0,0,264
0,0,0,0,0,0,0,1,0,0,0,2651
0,0,0,0,0,0,0,0,0,0,0,2658
0,0,0,0,0,0,0,0,0,0,0,2659
0,0,0,0,0,0,0,0,0,0,0,266
0,0,0,0,0,0,0,0,0,0,0,2662
0,0,0,0,0,0,0,0,0,0,0,2663
0,0,0,0,0,0,0,0,0,0,0,2669
0,0,0,0,0,0,0,0,0,0,0,267
0,0,0,0,0,0,0,0,0,0,0,2673
0,0,0,0,0,0,0,0,0,0,0,2674
0,0,0,0,0,0,0,0,0,0,0,2675
0,0,0,0,0,0,0,0,0,0,0,2689
0,0,0,0,0,0,0,0,0,1,1,2694
0,0,0,0,0,0,0,0,0,0,0,271
0,0,0,0,0,0,1,0,0,0,0,2722
0,0,0,0,0,0,0,0,0,0,0,2735
0,0,0,0,0,0,0,0,0,0,0,2736
0,0,0,0,0,0,0,0,0,0,0,2743
0,0,0,0,0,0,0,0,0,0,0,2748
0,0,0,0,0,0,0,0,0,0,0,2749
0,0,0,0,0,0,0,0,0,0,0,2755
0,0,0,0,0,0,0,0,0,0,0,2756
0,0,0,0,0,0,0,0,0,0,0,2763
0,0,0,0,0,0,0,0,0,0,0,2765
0,0,0,0,0,0,0,1,0,0,0,2771
0,0,0,0,0,0,0,1,0,0,0,2775
0,0,0,0,0,0,0,0,0,0,0,2779
0,0,0,0,0,0,0,0,0,0,0,2780
0,0,0,0,0,0,0,0,0,0,0,2783
0,0,0,0,0,0,0,1,0,0,0,2798
0,0,0,0,0,0,0,0,0,0,0,2801
0,0,0,0,0,0,0,0,0,0,0,2823
0,0,0,0,0,0,0,0,0,0,0,2828
0,0,0,0,0,0,0,1,0,0,0,2839
0,0,0,0,0,0,0,0,0,0,0,2841
0,0,0,0,0,0,0,0,0,0,0,2846
0,0,0,0,0,0,0,0,0,0,0,2847
0,0,0,0,0,0,0,0,0,0,0,2872
0,0,0,0,0,0,0,0,0,0,0,2873
0,0,0,0,0,0,0,1,0,0,0,2878
0,0,0,0,0,0,0,0,0,0,0,2879
0,0,0,0,0,0,0,0,0,0,0,2891
0,0,0,0,0,0,0,0,0,0,0,2897
0,0,0,0,0,0,0,1,0,0,0,2899
0,0,0,0,0,0,0,0,0,0,0,2900
0,0,0,0,0,0,0,0,0,0,0,2901
0,0,0,0,0,0,0,1,0,0,0,2914
0,0,0,0,0,0,0,0,0,0,0,2917
0,0,0,0,0,0,0,0,0,0,0,2948
0,0,0,0,0,0,0,1,0,0,0,2969
0,0,0,0,0,0,0,0,0,0,1,2976
0,0,0,0,0,0,0,1,0,0,0,2982
0,0,0,0,0,0,0,0,0,0,0,3006
0,0,0,0,0,0,0,0,0,0,0,3007
0,0,0,0,0,0,0,0,0,0,0,3009
0,0,0,0,0,0,0,1,0,0,0,3017
0,0,0,0,0,0,0,0,0,0,0,3018
0,0,0,0,0,0,0,0,0,0,0,3022
0,0,0,0,0,0,0,0,0,0,0,3023
0,0,0,0,0,0,0,0,0,1,0,3025
0,0,0,0,0,0,0,0,0,0,0,3032
0,0,0,0,0,0,0,0,0,0,0,3037
0,0,0,0,0,0,0,0,0,0,0,304
0,0,0,0,0,0,0,1,0,0,0,3041
0,0,0,0,0,0,0,0,0,0,0,3062
0,0,0,0,0,0,0,1,0,0,0,3075
0,0,0,0,0,0,0,1,0,0,0,3076
0,0,0,0,0,0,0,0,0,0,0,308
0,0,0,0,0,0,0,0,0,0,0,3090
0,0,0,0,0,0,0,0,0,0,0,3091
0,0,0,0,0,0,0,0,0,0,0,3101
0,0,0,0,0,0,0,0,0,0,0,3107
0,0,0,0,0,0,0,0,0,0,0,3109
0,0,0,0,0,0,0,0,0,0,0,3115
0,0,0,0,0,0,0,1,0,1,0,3117
0,0,0,0,0,0,0,0,0,0,0,3121
0,0,0,0,0,0,0,0,0,0,0,3129
0,0,0,0,0,0,0,0,0,0,0,3130
0,0,0,0,0,0,0,0,0,0,1,3143
0,0,0,0,0,0,0,0,0,0,0,316
0,0,0,0,0,0,0,0,0,0,0,3166
0,0,0,0,0,0,0,0,0,0,0,3191
0,0,0,0,0,0,0,1,0,0,0,3197
0,0,0,0,0,0,1,0,0,0,0,3198
0,0,0,0,0,0,0,0,0,0,0,3200
0,0,0,0,0,0,0,1,0,0,0,3201
0,0,0,0,0,0,0,0,0,0,0,3222
0,0,0,0,0,0,0,0,0,0,0,3233
0,0,0,0,0,0,0,0,0,0,0,3236
0,0,0,0,0,0,0,0,0,0,0,3243
0,0,0,0,0,0,0,0,0,0,0,3247
0,0,0,0,0,0,0,0,0,0,0,3257
0,0,0,0,0,0,0,0,0,0,0,3260
0,0,0,0,0,0,0,0,0,0,0,3261
0,0,0,0,0,0,0,1,0,0,0,3262
0,0,0,0,0,0,1,0,0,0,0,3264
0,0,0,0,0,0,0,0,0,0,0,3265
0,0,0,0,0,0,0,0,0,0,0,3273
0,0,0,0,0,0,0,1,0,0,0,3275
0,0,0,0,0,0,1,0,0,0,0,3284
0,0,0,0,0,0,0,0,0,0,0,3285
0,0,0,0,0,0,0,0,0,0,0,3293
0,0,0,0,0,0,0,0,0,0,0,3297
0,0,0,0,0,0,0,0,0,0,0,3310
0,0,0,0,0,0,0,0,0,0,0,3315
0,0,0,0,0,0,0,0,0,0,0,3330
0,0,0,0,0,0,0,0,0,0,0,3331
0,0,0,0,0,0,0,0,0,0,0,3332
0,0,0,0,0,0,0,0,0,0,0,3333
0,0,0,0,0,0,0,0,0,1,0,3335
0,0,0,0,0,0,0,0,0,0,0,3341
0,0,0,0,0,0,0,1,0,0,0,3356
0,0,0,0,0,0,0,1,0,0,0,3364
0,0,0,0,0,0,1,0,0,0,0,3365
0,0,0,0,0,0,0,1,0,0,0,3379
0,0,0,0,0,0,0,0,0,0,0,3389
0,0,0,0,0,0,0,0,0,0,0,339
0,0,0,0,0,0,0,1,0,0,0,3390
0,0,0,0,0,0,0,0,0,0,1,340
0,0,0,0,0,0,0,0,0,0,0,3404
0,0,0,0,0,0,0,0,0,0,0,3415
0,0,0,0,0,0,1,1,0,0,1,3416
0,0,0,0,0,0,0,1,0,0,0,3425
0,0,0,0,0,0,0,1,0,0,0,3426
0,0,0,0,0,0,0,0,0,0,0,3427
0,0,0,0,0,0,0,0,0,0,0,3439
0,0,0,0,0,0,0,0,0,0,0,3440
0,0,0,0,0,0,0,0,0,0,0,3446
0,0,0,0,0,0,0,0,0,0,0,3453
0,0,0,0,0,0,0,0,0,0,0,3461
0,0,0,0,0,0,0,1,0,0,0,3462
0,0,0,0,0,0,0,0,0,0,0,3466
0,0,0,0,0,0,0,1,0,0,0,3467
0,0,0,0,0,0,0,1,0,0,0,3468
0,0,0,0,0,0,0,1,0,0,0,3473
0,0,0,0,0,0,0,0,0,0,0,3498
0,0,0,0,0,0,0,0,0,0,0,3512
0,0,0,0,0,0,0,0,0,1,1,3523
0,0,0,0,0,0,0,0,0,0,0,3554
0,0,0,0,0,0,0,1,0,0,0,3565
0,0,0,0,0,0,0,0,0,0,1,3587
0,0,0,0,0,0,0,0,0,0,0,3598
0,0,0,0,0,0,0,1,0,0,0,3599
0,0,0,0,0,0,0,1,0,0,0,3605
0,0,0,0,0,0,0,1,0,0,0,3616
0,0,0,0,0,0,0,1,0,0,0,3617
0,0,0,0,0,0,0,0,0,0,0,3633
0,0,0,0,0,0,0,0,0,0,0,3638
0,0,0,0,0,0,0,0,0,0,0,3647
0,0,0,0,0,0,0,0,0,0,0,3648
0,0,0,0,0,0,0,0,0,0,0,3649
0,0,0,0,0,0,0,0,0,0,0,3651
0,0,0,0,0,0,0,0,0,0,0,3658
0,0,0,0,0,0,0,0,0,0,0,3667
0,0,0,0,0,0,0,0,0,0,0,3679
0,0,0,0,0,0,0,0,0,0,0,3680
0,0,0,0,0,0,0,0,0,0,0,3689
0,0,0,0,0,0,0,1,0,0,0,3690
0,0,0,0,0,0,0,0,0,0,0,3695
0,0,0,0,0,0,0,0,0,0,0,3704
0,0,0,0,0,0,1,0,0,0,0,3721
0,0,0,0,0,0,0,1,0,0,0,3731
0,0,0,0,0,0,0,1,0,0,0,3732
0,0,0,0,0,0,0,0,0,0,1,374
0,0,0,0,0,0,0,0,0,0,0,3751
0,0,0,0,0,0,0,0,0,0,0,3762
0,0,0,0,0,0,1,0,0,0,0,3775
0,0,0,0,0,0,0,0,0,0,0,3776
0,0,0,0,0,0,1,0,0,0,0,3777
0,0,0,0,0,0,1,0,0,0,0,3785
0,0,0,0,0,0,0,0,0,0,0,3789
0,0,0,0,0,0,0,0,0,0,0,3790
0,0,0,0,0,0,0,0,0,0,0,3794
0,0,0,0,0,0,0,0,0,0,1,3798
0,0,0,0,0,0,0,0,0,0,1,3799
0,0,0,0,0,0,0,0,0,0,0,3802
0,0,0,0,0,0,0,0,0,0,0,3803
0,0,0,0,0,0,0,0,0,0,0,3804
0,0,0,0,0,0,0,0,0,0,1,3822
0,0,0,0,0,0,0,0,0,0,0,3830
0,0,0,0,0,0,0,0,0,0,0,3833
0,0,0,0,0,0,0,0,0,0,0,3837
0,0,0,0,0,0,0,1,0,0,0,3855
0,0,0,0,0,0,0,0,0,0,0,3868
0,0,0,0,0,0,0,1,0,0,0,388
0,0,0,0,0,0,0,0,0,0,0,3898
0,0,0,0,0,0,0,0,0,0,0,3908
0,0,0,0,0,0,0,0,0,0,0,3914
0,0,0,0,0,0,0,0,0,0,0,3917
0,0,0,0,0,0,0,0,0,0,0,3926
0,0,0,0,0,0,0,1,0,0,0,3930
0,0,0,0,0,0,0,0,0,0,0,3947
0,0,0,0,0,0,0,0,0,0,0,395
0,0,0,0,0,0,0,0,0,0,0,3950
0,0,0,0,0,0,0,0,0,0,0,3959
0,0,0,0,0,0,0,0,0,0,0,3960
0,0,0,0,0,0,0,0,0,0,0,3966
0,0,0,0,0,0,0,0,0,0,0,3969
0,0,0,0,0,0,0,0,0,0,0,3981
0,0,0,0,0,0,0,0,0,1,1,3985
0,0,0,0,0,0,0,0,0,0,0,3993
0,0,0,0,0,0,0,0,0,0,0,4014
0,0,0,0,0,0,0,0,0,1,1,4016
0,0,0,0,0,0,0,0,0,0,0,402
0,0,0,0,0,0,0,0,0,0,0,4021
0,0,0,0,0,0,0,0,0,0,0,4024
0,0,0,0,0,0,0,0,0,0,0,4031
0,0,0,0,0,0,0,0,0,0,0,4034
0,0,0,0,0,0,0,0,0,0,0,4035
0,0,0,0,0,0,0,0,0,0,0,4040
0,0,0,0,0,0,0,0,0,0,0,4045
0,0,0,0,0,0,0,0,0,0,0,4051
0,0,0,0,0,0,0,0,0,0,0,4054
0,0,0,0,0,0,0,0,0,0,0,4055
0,0,0,0,0,0,0,0,0,0,0,4057
0,0,0,0,0,0,0,0,0,0,0,4065
0,0,0,0,0,0,0,0,0,0,0,4066
0,0,0,0,0,0,0,0,0,0,0,407
0,0,0,0,0,0,1,0,0,0,0,4086
0,0,0,0,0,0,0,0,0,0,0,4089
0,0,0,0,0,0,0,0,0,0,0,4090
0,0,0,0,0,0,0,0,0,0,0,4095
0,0,0,0,0,0,0,0,0,0,0,4098
0,0,0,0,0,0,0,0,0,0,0,4100
0,0,0,0,0,0,0,0,0,0,0,4105
0,0,0,0,0,0,0,0,0,0,0,4106
0,0,0,0,0,0,0,0,0,0,0,4109
0,0,0,0,0,0,0,0,0,1,1,4111
0,0,0,0,0,0,0,0,0,0,0,4116
0,0,0,0,0,0,0,0,0,0,0,4119
0,0,0,0,0,0,0,0,0,0,0,4120
0,0,0,0,0,0,0,0,0,0,0,414
0,0,0,0,0,0,1,0,0,0,0,4153
0,0,0,0,0,0,0,0,0,0,0,4158
0,0,0,0,0,0,0,0,0,0,0,4159
0,0,0,0,0,0,0,0,0,0,0,4162
0,0,0,0,0,0,0,0,0,0,0,4163
0,0,0,0,0,0,0,0,0,0,0,4171
0,0,0,0,0,0,0,0,0,1,1,4173
0,0,0,0,0,0,0,1,0,0,0,4201
0,0,0,0,0,0,0,0,0,0,0,4203
0,0,0,0,0,0,0,0,0,0,0,4210
0,0,0,0,0,0,0,0,0,0,0,4225
0,0,0,0,0,0,0,0,0,0,0,4229
0,0,0,0,0,0,0,0,0,1,1,4232
0,0,0,0,0,0,0,0,0,0,0,4237
0,0,0,0,0,0,0,0,0,0,0,424
0,0,0,0,0,0,0,0,0,0,0,4240
0,0,0,0,0,0,0,0,0,0,0,4247
0,0,0,0,0,0,0,0,0,0,0,425
0,0,0,0,0,0,0,0,0,0,0,4251
0,0,0,0,0,0,0,0,0,0,0,4258
0,0,0,0,0,0,0,0,0,0,1,4272
0,0,0,0,0,0,0,0,0,0,1,4273
0,0,0,0,0,0,0,1,0,0,0,4279
0,0,0,0,0,0,0,0,0,0,0,4280
0,0,0,0,0,0,0,0,0,0,0,4289
0,0,0,0,0,0,0,1,0,0,0,4321
0,0,0,1,0,0,0,0,0,0,0,4345
0,0,0,0,0,0,0,0,0,0,0,4349
0,0,0,0,0,0,0,0,0,0,0,4352
0,0,0,0,0,0,0,0,0,0,0,4353
0,0,0,0,0,0,0,0,0,0,0,4355
0,0,0,0,0,0,0,0,0,0,0,4356
0,0,0,0,0,0,0,1,0,0,0,4362
0,0,0,0,0,0,0,0,0,0,0,4363
0,0,0,0,0,0,0,0,0,0,0,4366
0,0,0,0,0,0,0,0,0,0,0,4367
0,0,0,0,0,0,0,0,0,0,0,4368
0,0,0,0,0,0,0,0,0,0,0,4369
0,0,0,0,0,0,0,0,0,0,0,437
0,0,0,0,0,0,0,0,0,0,0,4370
0,0,0,0,0,0,0,0,0,0,0,4376
0,0,0,0,0,0,0,0,0,0,0,4400
0,0,0,0,0,0,0,0,0,0,0,4405
0,0,0,0,0,0,0,0,0,0,0,4407
0,0,0,0,0,0,0,1,0,0,0,4420
0,0,0,0,0,0,0,0,0,0,0,4426
0,0,0,0,0,0,0,0,0,0,0,4438
0,0,0,0,0,0,0,0,0,0,0,4439
0,0,0,0,0,0,0,0,0,0,0,4444
0,0,0,0,0,0,0,0,0,0,0,4460
0,0,0,0,0,0,0,1,0,0,0,4465
0,0,0,0,0,0,0,0,0,0,0,4466
0,0,0,0,0,0,0,0,0,0,0,4486
0,0,0,0,0,0,0,0,0,0,0,4490
0,0,0,0,0,0,1,1,0,0,0,4497
0,0,0,0,0,0,0,0,0,0,0,4506
0,0,0,0,0,0,0,0,0,0,0,4508
0,0,0,0,0,0,0,0,0,0,0,4509
0,0,0,0,0,0,0,1,0,0,0,4525
0,0,0,0,0,0,0,0,0,0,0,4530
0,0,0,0,0,0,0,0,0,0,0,4531
0,0,0,0,0,0,0,0,0,0,0,4537
0,0,0,0,0,0,0,0,0,0,0,4566
0,0,0,1,0,0,1,0,0,0,0,457
0,0,0,0,0,0,1,0,0,0,0,458
0,0,0,0,0,0,0,0,0,0,0,459
0,0,0,0,0,0,0,1,0,0,0,463
0,0,0,0,0,0,0,0,0,0,0,466
0,0,0,0,0,0,0,0,0,0,0,4686
0,0,0,0,0,0,0,0,0,0,0,469
0,0,0,0,0,0,0,0,0,0,0,47
0,0,0,0,0,0,0,0,0,0,0,473
0,0,0,0,0,0,0,0,0,0,0,4732
0,0,0,0,0,0,0,0,0,0,1,4735
0,0,0,0,0,0,0,0,0,0,0,4763
0,0,0,0,0,0,0,0,0,0,0,4764
0,0,0,0,0,0,0,0,0,0,0,4765
0,0,0,0,0,0,0,0,0,0,0,477
0,0,0,0,0,0,0,0,0,0,0,4782
0,0,0,0,0,0,0,1,0,0,0,4784
0,0,0,0,0,0,0,0,0,0,0,4797
0,0,0,0,0,0,0,0,0,0,0,4798
0,0,0,0,0,0,0,0,0,0,0,481
0,0,0,0,0,0,0,0,0,0,1,482
0,0,0,0,0,0,0,0,0,0,0,4871
0,0,0,0,0,0,0,1,0,0,0,4876
0,0,0,0,0,0,0,0,0,0,0,4877
0,0,0,0,0,0,0,0,0,0,0,488
0,0,0,0,0,0,0,0,0,0,0,4881
0,0,0,0,0,0,0,1,0,0,0,4885
0,0,0,0,0,0,0,0,0,0,0,4901
0,0,0,0,0,0,0,0,0,0,0,4927
0,0,0,0,0,0,0,0,0,0,0,4928
0,0,0,0,0,0,0,0,0,0,0,4962
0,0,0,0,0,0,0,0,0,0,0,4968
0,0,0,0,0,0,0,0,0,0,0,497
0,0,0,0,0,0,0,0,0,0,0,4974
0,0,0,0,0,0,1,0,0,0,0,499
0,0,0,0,0,0,0,0,0,0,0,4992
0,0,0,0,0,0,0,0,0,0,0,50
0,0,0,0,0,0,0,0,0,0,0,5003
0,0,0,0,0,0,0,0,0,0,0,5005
0,0,0,0,0,0,0,0,0,0,0,5006
0,0,0,0,0,0,1,0,0,0,0,5013
0,0,0,0,0,0,0,0,0,0,0,5024
0,0,0,0,0,0,0,0,0,0,0,5026
0,0,0,0,0,0,0,0,0,0,0,5029
0,0,0,0,0,0,0,0,0,0,0,5081
0,0,0,0,0,0,0,0,0,0,0,5083
0,0,0,0,0,0,0,0,0,0,0,5084
0,0,0,0,0,0,0,0,0,0,1,5097
0,0,0,0,0,0,0,0,0,0,0,5100
0,0,0,0,0,0,0,1,0,0,1,5111
0,0,0,0,0,0,0,0,0,0,0,5113
0,0,0,0,0,0,0,0,0,0,0,5123
0,0,0,0,0,0,0,0,0,0,0,5156
0,0,0,0,0,0,0,1,0,0,0,5158
0,0,0,0,0,0,0,0,0,0,0,5164
0,0,0,0,0,0,0,0,0,0,0,5179
0,0,0,0,0,0,0,0,0,0,0,5180
0,0,0,0,0,0,0,0,0,0,0,520
0,0,0,0,0,0,0,0,0,0,0,5207
0,0,0,0,0,0,0,1,0,0,0,5209
0,0,0,0,0,0,0,0,0,0,0,5210
0,0,0,0,0,0,0,0,0,0,0,5213
0,0,0,0,0,0,0,0,0,1,1,522
0,0,0,0,0,0,0,0,0,0,0,5221
0,0,0,0,0,0,0,1,0,0,0,5230
0,0,0,0,0,0,0,0,0,0,0,5237
0,0,0,0,0,0,0,0,0,0,0,5238
0,0,0,0,0,0,0,0,0,0,0,5239
0,0,0,0,0,0,0,1,0,0,0,5241
0,0,0,0,0,0,0,0,0,0,0,526
0,0,0,0,0,0,0,0,0,0,0,5262
0,0,0,0,0,0,0,0,0,0,0,5266
0,0,0,0,0,0,0,0,0,0,0,5268
0,0,0,0,0,0,0,0,0,0,0,5271
0,0,0,0,0,0,0,0,0,0,0,5272
0,0,0,0,0,0,0,0,0,0,0,5308
0,0,0,0,0,0,0,0,0,0,1,5314
0,0,0,0,0,0,0,0,0,0,0,5328
0,0,0,0,0,0,0,0,0,0,0,5329
0,0,0,0,0,0,0,0,0,0,0,533
0,0,0,0,0,0,0,1,0,0,0,5341
0,0,0,0,0,0,1,1,0,0,1,5346
0,0,0,0,0,0,0,0,0,0,0,5347
0,0,0,0,0,0,0,0,0,0,0,5351
0,0,0,0,0,0,0,0,0,0,0,5353
0,0,1,0,0,0,0,1,0,0,0,5359
0,0,0,0,0,0,0,0,0,0,0,5360
0,0,0,0,0,0,0,0,0,0,0,5369
0,0,0,0,0,0,0,0,0,0,0,5371
0,0,0,0,0,0,0,0,0,0,0,5372
0,0,0,0,0,0,0,0,0,0,0,5373
0,0,0,0,0,0,0,0,0,0,0,5379
0,0,0,0,0,0,0,1,0,0,0,5380
0,0,0,0,0,0,0,0,0,0,0,5383
0,0,0,0,0,0,0,1,0,0,0,5389
0,0,0,0,0,0,0,1,0,0,0,5393
0,0,0,0,0,0,0,0,0,0,0,5395
0,0,0,0,0,0,0,0,0,0,0,5406
0,0,0,0,0,0,0,0,0,0,0,5432
0,0,0,0,0,0,0,0,0,0,0,5434
0,0,0,0,0,0,0,0,0,0,0,5450
0,0,0,0,0,0,0,0,0,0,0,549
0,0,0,0,0,0,0,0,0,0,0,5494
0,0,0,0,0,0,0,0,0,0,0,5500
0,0,0,0,0,0,0,0,0,0,0,5503
0,0,0,0,0,0,0,0,0,0,0,5504
0,0,0,0,0,0,0,0,0,0,0,5506
0,0,0,0,0,0,0,0,0,0,0,5507
0,0,0,0,0,0,0,0,0,0,0,5510
0,0,0,0,0,0,0,0,0,0,0,5511
0,0,0,0,0,0,0,0,0,0,0,5512
0,0,0,0,0,0,0,0,0,0,0,5517
0,0,0,0,0,0,0,0,0,0,0,5519
0,0,0,0,0,0,0,0,0,0,1,5524
0,0,0,0,0,0,0,0,0,0,0,5529
0,0,0,0,0,0,0,0,0,0,0,5531
0,0,0,0,0,0,0,0,0,0,0,5532
0,0,0,0,0,0,0,0,0,0,0,5536
0,0,0,0,0,0,0,0,0,0,0,5537
0,0,0,0,0,0,0,0,0,0,0,5539
0,0,0,0,0,0,0,0,0,0,0,5540
0,0,0,0,0,0,0,0,0,0,0,5541
0,0,0,0,0,0,0,0,0,0,0,5544
0,0,0,0,0,0,0,0,0,0,0,5562
0,0,0,0,0,0,0,0,0,0,0,5565
0,0,0,0,0,0,0,0,0,0,0,5573
0,0,0,0,0,0,0,0,0,0,0,5574
0,0,0,0,0,0,0,0,0,0,0,5576
0,0,0,0,0,0,0,0,0,0,0,5583
0,0,0,0,0,0,0,0,0,0,0,5589
0,0,0,0,0,0,0,0,0,0,0,559
0,0,0,0,0,0,0,0,0,0,0,5598
0,0,0,1,0,0,0,0,0,0,0,5607
0,0,0,0,0,0,0,0,0,0,0,5610
0,0,0,0,0,0,0,0,0,0,0,5616
0,0,0,0,0,0,0,0,0,0,0,5623
0,0,0,0,0,0,0,1,0,0,1,5624
0,0,0,0,0,0,0,0,0,0,0,5625
0,0,0,0,0,0,0,0,0,0,0,5633
0,0,0,0,0,0,0,1,0,0,0,5637
0,0,0,0,0,0,0,1,0,0,0,5638
0,0,0,0,0,0,0,0,0,0,0,5642
0,0,0,0,0,0,0,0,0,0,0,5643
0,0,0,0,0,0,0,0,0,0,0,5644
0,0,0,0,0,0,0,1,0,0,0,5645
0,0,0,0,0,0,0,1,0,0,0,5646
0,0,0,0,0,0,0,0,0,0,0,5656
0,0,0,0,0,0,0,0,0,0,0,5664
0,0,0,0,0,0,0,0,0,0,0,5668
0,0,0,0,0,0,0,1,0,0,0,5669
0,0,0,0,0,0,0,0,0,0,0,5670
0,0,0,0,0,0,0,1,0,0,0,5672
0,0,0,0,0,0,0,1,0,0,0,5675
0,0,0,0,0,0,0,1,0,0,0,5676
0,0,0,0,0,0,0,1,0,0,0,5686
0,0,0,0,0,0,0,0,0,0,0,5687
0,0,0,0,0,0,0,1,0,0,0,5694
0,0,0,0,0,0,0,0,0,0,0,57
0,0,0,0,0,0,0,0,0,0,0,5706
0,0,0,0,0,0,0,1,0,0,0,5746
0,0,0,0,0,0,0,0,0,0,0,5747
0,0,0,0,0,0,0,0,0,0,0,5750
0,0,0,0,0,0,0,0,0,0,0,5764
0,0,0,0,0,0,0,0,0,0,0,5766
0,0,0,0,0,0,0,0,0,0,0,5772
0,0,0,0,0,0,0,0,0,0,0,5775
0,0,0,0,0,0,0,0,0,0,0,5781
0,0,0,0,0,0,0,0,0,0,0,5796
0,0,0,0,0,0,0,0,0,0,0,5800
0,0,0,0,0,0,0,0,0,0,0,5802
0,0,0,0,0,0,0,1,0,0,0,5806
0,0,0,0,0,0,0,0,0,0,0,5816
0,0,0,0,0,0,0,0,0,0,0,5829
0,0,0,0,0,0,0,0,0,0,0,5834
0,0,0,0,0,0,0,0,0,0,0,5850
0,0,0,0,0,0,0,0,0,0,0,5851
0,0,0,0,0,0,0,0,0,0,0,5857
0,0,0,0,0,0,0,0,0,0,0,5886
0,0,0,0,0,0,0,0,0,0,0,5896
0,0,0,0,0,0,0,0,0,0,0,5908
0,0,0,0,0,0,0,0,0,0,0,5909
0,0,0,0,0,0,0,0,0,0,0,5910
0,0,0,0,0,0,0,0,0,0,0,5911
0,0,0,0,0,0,0,0,0,0,0,5921
0,0,0,0,0,0,0,0,0,0,0,5922
0,0,0,0,0,0,0,0,0,0,0,5923
0,0,0,0,0,0,0,0,0,0,0,5924
0,0,0,0,0,0,0,0,0,0,0,5929
0,0,0,0,0,0,0,1,0,0,0,5956
0,0,0,0,0,0,0,1,0,0,0,5961
0,0,0,0,0,0,0,0,0,0,0,5970
0,0,0,0,0,0,0,0,0,0,0,5975
0,0,0,0,0,0,0,1,0,0,0,5985
0,0,0,0,0,0,0,1,0,0,0,5996
0,0,0,0,0,0,0,1,0,0,0,6001
0,0,0,0,0,0,0,0,0,0,0,6002
0,0,0,0,0,0,0,1,0,0,0,6003
0,0,0,0,0,0,0,1,0,0,0,6005
0,0,0,0,0,0,0,1,0,0,0,6011
0,0,0,0,0,0,0,0,0,0,0,6014
0,0,0,0,0,0,0,1,0,0,0,6015
0,0,0,0,0,0,0,1,0,0,0,6016
0,0,0,0,0,0,0,0,0,0,0,602
0,0,0,0,0,0,0,1,0,0,0,6020
0,0,0,0,0,0,0,1,0,0,0,6024
0,0,0,0,0,0,0,1,0,0,0,6026
0,0,0,0,0,0,0,1,0,0,0,6030
0,0,0,0,0,0,0,0,0,0,0,6036
0,0,0,0,0,0,0,0,0,0,0,6045
0,0,0,0,0,0,0,0,0,0,0,6046
0,0,0,0,0,0,0,1,0,0,0,6054
0,0,0,0,0,0,0,0,0,0,0,6062
0,0,0,0,0,0,0,0,0,0,0,6078
0,0,0,0,0,0,0,0,0,0,0,6089
0,0,0,0,0,0,0,0,0,0,0,609
0,0,0,0,0,0,0,0,0,0,0,6097
0,0,0,0,0,0,0,0,0,0,0,6113
0,0,0,0,0,0,0,0,0,0,0,6117
0,0,0,0,0,0,0,0,0,0,0,6130
0,0,0,0,0,0,0,0,0,0,0,6140
0,0,0,0,0,0,0,0,0,0,0,615
0,0,0,0,0,0,0,0,0,0,0,6153
0,0,0,0,0,0,0,0,0,0,0,6154
0,0,0,0,0,0,0,0,0,0,0,6161
0,0,0,0,0,0,0,0,0,0,0,6165
0,0,0,0,0,0,0,0,0,0,0,6173
0,0,0,0,0,0,0,0,0,0,0,6177
0,0,0,0,0,0,0,0,0,0,0,6219
0,0,0,0,0,0,0,0,0,0,0,622
0,0,0,0,0,0,0,0,0,0,0,6223
0,0,0,0,0,0,0,0,0,0,0,6230
0,0,0,0,0,0,0,0,0,0,0,6231
0,0,0,0,0,0,0,0,0,0,0,6245
0,0,0,0,0,0,0,0,0,0,0,6246
0,0,0,0,0,0,0,1,0,0,0,6249
0,0,0,0,0,0,0,0,0,0,0,6259
0,0,0,0,0,0,0,1,0,0,0,6284
0,0,0,0,0,0,0,0,0,0,0,6285
0,0,0,0,0,0,0,0,0,0,0,6294
0,0,0,0,0,0,0,1,0,0,0,6298
0,0,0,0,0,0,0,1,0,0,0,6307
0,0,0,0,0,0,0,0,0,0,0,6331
0,0,0,0,0,0,0,0,0,0,0,6339
0,0,0,0,0,0,0,1,0,0,0,6348
0,0,0,0,0,0,0,1,0,0,0,6351
0,0,0,0,0,0,0,1,0,0,0,6354
0,0,0,0,0,0,0,0,0,0,0,6355
0,0,0,0,0,0,0,0,0,0,0,6356
0,0,0,0,0,0,0,1,0,0,0,6366
0,0,0,0,0,0,0,1,0,0,0,6367
0,0,0,0,0,0,0,0,0,0,0,6372
0,0,0,0,0,0,0,0,0,0,0,6373
0,0,0,0,0,0,0,1,0,0,0,6375
0,0,0,0,0,0,0,0,0,0,0,6379
0,0,0,0,0,0,0,1,0,0,0,6380
0,0,0,0,0,0,0,1,0,0,0,6381
0,0,0,0,0,0,0,0,0,0,0,6382
0,0,0,0,0,0,0,0,0,0,0,6383
0,0,0,0,0,0,0,0,0,0,0,6384
0,0,0,0,0,0,0,0,0,0,0,6385
0,0,0,0,0,0,0,1,0,0,0,6386
0,0,0,0,0,0,0,0,0,0,0,6387
0,0,0,0,0,0,0,0,0,0,0,6388
0,0,0,0,0,0,0,0,0,0,0,6389
0,0,0,0,0,0,0,2,0,0,0,6390
0,0,0,0,0,0,0,0,0,0,0,6391
0,0,0,0,0,0,0,0,0,0,0,6394
0,0,0,0,0,0,0,0,0,0,0,6395
0,0,0,0,0,0,0,0,0,0,1,6396
0,0,0,0,0,0,0,0,0,0,0,6397
0,0,0,0,0,0,0,0,0,0,0,6404
0,0,0,0,0,0,0,0,0,0,0,6408
0,0,0,0,0,0,0,0,0,0,0,6409
0,0,0,0,0,0,0,0,0,0,0,641
0,0,0,0,0,0,0,0,0,0,0,6410
0,0,0,0,0,0,0,0,0,0,0,6412
0,0,0,0,0,0,0,0,0,0,0,6417
0,0,0,0,0,0,0,1,0,0,0,6418
0,0,0,0,0,0,0,0,0,0,0,6419
0,0,0,0,0,0,0,0,0,0,0,6420
0,0,0,0,0,0,0,1,0,0,0,6423
0,0,0,0,0,0,0,1,0,0,0,6425
0,0,0,0,0,0,0,1,0,0,0,6431
0,0,0,0,0,0,0,0,0,0,0,6436
0,0,0,0,0,0,0,0,0,0,0,6444
0,0,0,0,0,0,0,1,0,0,0,6445
0,0,0,0,0,0,0,1,0,0,0,6449
0,0,0,0,0,0,0,0,0,0,0,6450
0,0,0,0,0,0,0,0,0,0,0,6480
0,0,0,0,0,0,0,0,0,0,0,6481
0,0,0,0,0,0,0,1,0,0,1,6482
0,0,0,0,0,0,0,0,0,0,0,6484
0,0,0,0,0,0,0,0,0,0,0,6491
0,0,0,0,0,0,0,0,0,0,0,65
0,0,0,0,0,0,0,0,0,0,0,6510
0,0,0,0,0,0,0,0,0,0,0,6512
0,0,0,0,0,0,0,0,0,0,0,6522
0,0,0,0,0,0,0,0,0,0,0,6537
0,0,0,0,0,0,0,1,0,0,0,6550
0,0,0,0,0,0,0,1,0,0,0,6553
0,0,0,0,0,0,0,0,0,0,0,6554
0,0,0,0,0,0,0,0,0,0,0,6566
0,0,0,0,0,0,0,0,0,0,0,6579
0,0,0,0,0,0,0,0,0,0,0,6591
0,0,0,0,0,0,0,1,0,0,0,6597
0,0,0,0,0,0,0,1,0,0,0,6599
0,0,0,0,0,0,0,0,0,0,0,66
0,0,0,0,0,0,0,0,0,0,0,6606
0,0,0,0,0,0,0,0,0,0,0,6621
0,0,0,0,0,0,0,1,0,0,0,6627
0,0,0,0,0,0,0,0,0,0,0,6649
0,0,0,0,0,0,0,0,0,0,0,665
0,0,0,0,0,0,0,0,0,0,0,6658
0,0,0,0,0,0,0,0,0,0,0,6665
0,0,0,0,0,0,0,0,0,0,2,6666
0,0,0,0,0,0,0,0,0,0,1,6667
0,0,0,0,0,0,0,0,0,0,0,6669
0,0,0,0,0,0,0,0,0,0,0,667
0,0,0,0,0,0,0,1,0,0,0,6677
0,0,0,0,0,0,0,1,0,0,0,6684
0,0,0,0,0,0,0,0,0,0,0,674
0,0,0,0,0,0,0,0,0,0,0,675
0,0,0,0,0,0,0,0,0,0,0,685
0,0,0,0,0,0,0,0,0,1,1,698
0,0,0,0,0,0,0,0,0,0,0,736
0,0,0,0,0,0,0,1,0,0,0,748
0,0,0,0,0,0,0,0,0,0,1,75
0,0,0,0,0,0,0,0,0,0,1,753
0,0,0,0,0,0,0,0,0,0,0,787
0,0,0,0,0,0,0,0,0,0,0,790
0,0,0,0,0,0,0,0,0,0,0,799
0,0,0,0,0,0,0,0,0,0,0,815
0,0,0,0,0,0,0,1,0,0,0,87
0,0,0,0,0,0,0,0,0,0,0,888
0,0,0,0,0,0,1,1,0,0,1,889
0,0,0,0,0,0,0,0,0,0,0,890
0,0,0,0,0,0,0,1,0,0,0,914
0,0,0,0,0,0,0,0,0,0,0,933
0,0,0,0,0,0,0,0,0,0,0,994
